-- MySQL dump 10.13  Distrib 8.0.45, for Linux (x86_64)
--
-- Host: localhost    Database: noetic
-- ------------------------------------------------------
-- Server version	8.0.45-0ubuntu0.24.04.1

/*!40101 SET @OLD_CHARACTER_SET_CLIENT=@@CHARACTER_SET_CLIENT */;
/*!40101 SET @OLD_CHARACTER_SET_RESULTS=@@CHARACTER_SET_RESULTS */;
/*!40101 SET @OLD_COLLATION_CONNECTION=@@COLLATION_CONNECTION */;
/*!50503 SET NAMES utf8mb4 */;
/*!40103 SET @OLD_TIME_ZONE=@@TIME_ZONE */;
/*!40103 SET TIME_ZONE='+00:00' */;
/*!40014 SET @OLD_UNIQUE_CHECKS=@@UNIQUE_CHECKS, UNIQUE_CHECKS=0 */;
/*!40014 SET @OLD_FOREIGN_KEY_CHECKS=@@FOREIGN_KEY_CHECKS, FOREIGN_KEY_CHECKS=0 */;
/*!40101 SET @OLD_SQL_MODE=@@SQL_MODE, SQL_MODE='NO_AUTO_VALUE_ON_ZERO' */;
/*!40111 SET @OLD_SQL_NOTES=@@SQL_NOTES, SQL_NOTES=0 */;

--
-- Table structure for table `book_clubs`
--

DROP TABLE IF EXISTS `book_clubs`;
/*!40101 SET @saved_cs_client     = @@character_set_client */;
/*!50503 SET character_set_client = utf8mb4 */;
CREATE TABLE `book_clubs` (
  `club_id` int NOT NULL AUTO_INCREMENT,
  `club_name` varchar(100) NOT NULL,
  `group_desc` text,
  `invite_code` varchar(20) DEFAULT NULL,
  `created_by` int DEFAULT NULL,
  `created_at` timestamp NULL DEFAULT CURRENT_TIMESTAMP,
  PRIMARY KEY (`club_id`),
  UNIQUE KEY `invite_code` (`invite_code`),
  KEY `created_by` (`created_by`),
  CONSTRAINT `book_clubs_ibfk_1` FOREIGN KEY (`created_by`) REFERENCES `users` (`id`)
) ENGINE=InnoDB AUTO_INCREMENT=48 DEFAULT CHARSET=utf8mb4 COLLATE=utf8mb4_0900_ai_ci;
/*!40101 SET character_set_client = @saved_cs_client */;

--
-- Dumping data for table `book_clubs`
--

LOCK TABLES `book_clubs` WRITE;
/*!40000 ALTER TABLE `book_clubs` DISABLE KEYS */;
INSERT INTO `book_clubs` VALUES (1,'Weekend Readers','Reading only on weekends.','WKND2026',1,'2026-03-08 20:11:17'),(2,'test2',NULL,'3F66404C',NULL,'2026-03-09 00:53:41'),(3,'test3',NULL,'CF8DF6B1',NULL,'2026-03-09 01:02:48'),(4,'test3',NULL,'436A4905',NULL,'2026-03-09 01:04:46'),(5,'test4',NULL,'6A81ADAB',NULL,'2026-03-09 01:05:51'),(6,'test5',NULL,'7DCE3ED3',NULL,'2026-03-09 01:09:04'),(7,'test6',NULL,'FE886B9A',NULL,'2026-03-09 01:12:51'),(8,'test8',NULL,'C4B226BE',NULL,'2026-03-09 16:12:54'),(9,'test8',NULL,'A5315239',NULL,'2026-03-09 16:19:44'),(10,'test9',NULL,'DA59AE2D',NULL,'2026-03-09 16:39:53'),(11,'test10',NULL,'97722E42',NULL,'2026-03-09 16:52:38'),(12,'test14',NULL,'BADB1B53',NULL,'2026-03-09 17:34:37'),(13,'test15',NULL,'8AE5C5AC',NULL,'2026-03-09 17:38:17'),(14,'test20',NULL,'8B3EC6D5',NULL,'2026-03-10 03:30:05'),(15,'test420','please work','239CDCD4',NULL,'2026-03-10 04:20:26'),(16,'test_tuesday','literally anything','691CE1C5',NULL,'2026-03-11 01:56:56'),(17,'test_tuesday','literally anything','7DE5F061',NULL,'2026-03-11 01:57:56'),(18,'test_tuesday_2','please god work','615713CC',NULL,'2026-03-11 01:59:11'),(19,'test_please','test_test_test','5F59F4D7',NULL,'2026-03-11 02:50:22'),(20,'group10','legit anything idc','7AC79AF6',NULL,'2026-03-11 02:58:11'),(21,'new circle','new circle so my sanity can be saved','F88538B6',NULL,'2026-03-11 03:17:35'),(22,'im tired','sleep','F4E233E0',NULL,'2026-03-11 03:30:26'),(23,'im tired','sleep','690CBC86',NULL,'2026-03-11 03:35:06'),(24,'please i wanna go to bed','sleepytime','2047E172',NULL,'2026-03-11 03:44:10'),(25,'rah','rah','2047E173',5,'2026-03-11 03:52:24'),(26,'please i wanna go to bed','sleepytime','996869D4',NULL,'2026-03-11 03:52:52'),(27,'123456787654321','sdfhgaewrdewr','2807BE7C',5,'2026-03-11 04:08:01'),(28,'MR CRABS, I WANNA GO TO BED','im dying please','5E2BCA6C',5,'2026-03-11 04:43:17'),(29,'MR CRABS I WANNA GO TO BED 2','pleaseeeeeeeeeeeeeeeeee','47EA3F12',5,'2026-03-11 04:44:54'),(30,'this better work','idk i hope it works','F0809D7C',10,'2026-03-11 04:53:12'),(31,'YOU BETTA WORK','please','099A29E3',10,'2026-03-11 04:56:45'),(32,'MR CRABS I WANNA GO TO BED 3','i wanna go to bed','AB03613E',10,'2026-03-11 05:05:54'),(33,'it is 1:30 am i am tired','bed time stories','9C20EDA7',10,'2026-03-11 05:25:48'),(34,'my eyes are tired','my eyes are very tired this deliverable better work','51B410BF',10,'2026-03-11 05:35:36'),(35,'creating new circle','new circle creation','D51D03BD',10,'2026-03-11 05:44:25'),(36,'last straw','no seriously','5C54D968',10,'2026-03-11 05:53:52'),(37,'new circle 22','222222222','6F78FAB1',10,'2026-03-11 06:06:17'),(38,'gametimegroup','gametimegroup','5F99243A',11,'2026-03-11 06:14:01'),(39,'romantacy','romance','FDFC3E90',6,'2026-03-11 06:14:47'),(40,'midterm day','midterm lol','FD9C7604',10,'2026-03-11 15:59:09'),(41,'group for midterm!','hopefully a 75%','4BC099C4',10,'2026-03-11 16:47:27'),(42,'Llamas with Hats','Llamas lol','39F00181',10,'2026-03-11 17:36:31'),(43,'taryntaryn22','taryntaryn22','D78DE9CA',16,'2026-03-12 01:56:35'),(44,'Random House talk','Talk about a cool book.','BCCE598F',16,'2026-03-12 02:17:03'),(45,'ur mom society','rahhh','BAC07B4F',20,'2026-03-17 23:20:42'),(46,'Hockey Fans','Hockey books','3D979FCD',21,'2026-03-17 23:31:52'),(47,'Historical Books','History','F2F11A54',21,'2026-03-17 23:39:33');
/*!40000 ALTER TABLE `book_clubs` ENABLE KEYS */;
UNLOCK TABLES;

--
-- Table structure for table `book_reviews`
--

DROP TABLE IF EXISTS `book_reviews`;
/*!40101 SET @saved_cs_client     = @@character_set_client */;
/*!50503 SET character_set_client = utf8mb4 */;
CREATE TABLE `book_reviews` (
  `review_id` int NOT NULL AUTO_INCREMENT,
  `book_id` int DEFAULT NULL,
  `user_id` int DEFAULT NULL,
  `rating` int DEFAULT NULL,
  `review_text` text,
  `created_at` timestamp NULL DEFAULT CURRENT_TIMESTAMP,
  PRIMARY KEY (`review_id`),
  UNIQUE KEY `unique_user_review` (`book_id`,`user_id`),
  KEY `user_id` (`user_id`),
  CONSTRAINT `book_reviews_ibfk_1` FOREIGN KEY (`book_id`) REFERENCES `books` (`book_id`),
  CONSTRAINT `book_reviews_ibfk_2` FOREIGN KEY (`user_id`) REFERENCES `users` (`id`),
  CONSTRAINT `book_reviews_chk_1` CHECK ((`rating` between 1 and 5))
) ENGINE=InnoDB AUTO_INCREMENT=32 DEFAULT CHARSET=utf8mb4 COLLATE=utf8mb4_0900_ai_ci;
/*!40101 SET character_set_client = @saved_cs_client */;

--
-- Dumping data for table `book_reviews`
--

LOCK TABLES `book_reviews` WRITE;
/*!40000 ALTER TABLE `book_reviews` DISABLE KEYS */;
INSERT INTO `book_reviews` VALUES (12,1134,19,5,'BARRY ALLEN!!!!','2026-03-15 06:41:21'),(13,1126,19,3,'VOL  7 was better tbh','2026-03-15 06:41:56'),(14,1119,19,3,'who is jojo?','2026-03-15 06:42:24'),(15,1137,19,5,'BEST BOOK OF ALL TIME!!','2026-03-15 06:44:07'),(16,1128,19,5,'grant gustin?!?!?!? :O','2026-03-15 06:44:29'),(17,1147,19,3,'mid -_-','2026-03-15 06:45:02'),(18,1157,19,4,'tamlin stfu','2026-03-15 06:59:11'),(19,1167,19,3,'tbd','2026-03-15 07:00:06'),(20,1177,19,5,'LIAMMMMM','2026-03-15 07:00:39'),(21,1186,19,5,'5-star from what ive heard','2026-03-15 07:01:08'),(22,1137,18,5,'best book of no time','2026-03-16 03:03:02'),(23,1118,18,5,'nivce','2026-03-16 03:03:28'),(24,1117,18,5,'did','2026-03-16 04:49:12'),(25,1121,18,5,'yyyoo','2026-03-16 05:00:57'),(26,1122,18,5,'jhjjj','2026-03-16 05:01:16'),(27,1131,21,5,'He\'s fast!','2026-03-17 23:32:30'),(28,1226,21,5,'Review!','2026-03-17 23:39:04'),(29,1137,5,5,'I really like this book','2026-03-23 15:39:39'),(30,1267,5,5,'ooooo magic','2026-03-23 15:55:31'),(31,1276,5,5,'Magic again!!','2026-03-23 15:56:18');
/*!40000 ALTER TABLE `book_reviews` ENABLE KEYS */;
UNLOCK TABLES;

--
-- Table structure for table `book_suggestions`
--

DROP TABLE IF EXISTS `book_suggestions`;
/*!40101 SET @saved_cs_client     = @@character_set_client */;
/*!50503 SET character_set_client = utf8mb4 */;
CREATE TABLE `book_suggestions` (
  `sug_id` int NOT NULL AUTO_INCREMENT,
  `club_id` int NOT NULL,
  `user_id` int NOT NULL,
  `book_id` int NOT NULL,
  `sug_note` text,
  `created_at` timestamp NULL DEFAULT CURRENT_TIMESTAMP,
  PRIMARY KEY (`sug_id`),
  KEY `club_id` (`club_id`),
  KEY `user_id` (`user_id`),
  KEY `book_id` (`book_id`),
  CONSTRAINT `book_suggestions_ibfk_1` FOREIGN KEY (`club_id`) REFERENCES `book_clubs` (`club_id`) ON DELETE CASCADE,
  CONSTRAINT `book_suggestions_ibfk_2` FOREIGN KEY (`user_id`) REFERENCES `users` (`id`) ON DELETE CASCADE,
  CONSTRAINT `book_suggestions_ibfk_3` FOREIGN KEY (`book_id`) REFERENCES `books` (`book_id`) ON DELETE CASCADE
) ENGINE=InnoDB DEFAULT CHARSET=utf8mb4 COLLATE=utf8mb4_0900_ai_ci;
/*!40101 SET character_set_client = @saved_cs_client */;

--
-- Dumping data for table `book_suggestions`
--

LOCK TABLES `book_suggestions` WRITE;
/*!40000 ALTER TABLE `book_suggestions` DISABLE KEYS */;
/*!40000 ALTER TABLE `book_suggestions` ENABLE KEYS */;
UNLOCK TABLES;

--
-- Table structure for table `books`
--

DROP TABLE IF EXISTS `books`;
/*!40101 SET @saved_cs_client     = @@character_set_client */;
/*!50503 SET character_set_client = utf8mb4 */;
CREATE TABLE `books` (
  `book_id` int NOT NULL AUTO_INCREMENT,
  `isbn` varchar(13) DEFAULT NULL,
  `title` varchar(255) NOT NULL,
  `author` varchar(255) DEFAULT NULL,
  `description` text,
  `cover_url` varchar(255) DEFAULT NULL,
  `created_at` timestamp NULL DEFAULT CURRENT_TIMESTAMP,
  `api_book_id` varchar(50) DEFAULT NULL,
  `subtitle` varchar(255) DEFAULT NULL,
  `publisher` varchar(255) DEFAULT NULL,
  `published_year` year DEFAULT NULL,
  `genre` varchar(100) DEFAULT NULL,
  `maturity_rating` varchar(50) DEFAULT NULL,
  `content_version` varchar(50) DEFAULT NULL,
  `pages` int DEFAULT NULL,
  PRIMARY KEY (`book_id`),
  UNIQUE KEY `api_book_id` (`api_book_id`)
) ENGINE=InnoDB AUTO_INCREMENT=1281 DEFAULT CHARSET=utf8mb4 COLLATE=utf8mb4_0900_ai_ci;
/*!40101 SET character_set_client = @saved_cs_client */;

--
-- Dumping data for table `books`
--

LOCK TABLES `books` WRITE;
/*!40000 ALTER TABLE `books` DISABLE KEYS */;
INSERT INTO `books` VALUES (1117,'9780521686457','Jojo\'s Story Level 2 Elementary/Lower Intermediate Book and Audio CD Pack','Antoinette Moses','\'There aren\'t any more days. There\'s just time. Time when it\'s dark and time when it\'s light. Everything is dead, so why not days too?\" Everyone in Jojo\'s village is dead, and ten-year-old Jojo is alone.','http://books.google.com/books/content?id=dRlVZWumj3UC&printsec=frontcover&img=1&zoom=1&edge=curl&source=gbs_api','2026-03-14 19:30:28','dRlVZWumj3UC',NULL,'Cambridge University Press',2006,'Foreign Language Study','NOT_MATURE','2.4.6.0.preview.1',52),(1118,'1662964587','JoJo\'s Special Bracelet','Anthony Mazzurco','With her birthday approaching, JoJo’s parents ask her to think about what kind of present she would like to receive. Since she enjoys looking at the charm bracelets of her friends in school, she decides that she would like a charm bracelet of her own. Her parents think that is a wonderful idea and ask JoJo to think about what charms she would like to have on her bracelet. JoJo’s Special Bracelet finds JoJo asking some of her neighbors to give her ideas about what her bracelet should look like. When her birthday finally arrives, JoJo discovers that her presents are even more special than she would have guessed. JoJo’s Special Bracelet, along with Anthony Mazzurco’s first book JoJo’s Wondrous New House (which appeared on the Amazon best-seller list and also received a 5-star review from The Book Revue), invite young readers and pre-readers, with the help of an adult, to enjoy the story and to think about what they might say or do along with the characters in the books.','http://books.google.com/books/content?id=cLRyEQAAQBAJ&printsec=frontcover&img=1&zoom=1&edge=curl&source=gbs_api','2026-03-14 19:30:28','cLRyEQAAQBAJ',NULL,'Gatekeeper Press',2025,'Juvenile Fiction','NOT_MATURE','1.1.1.0.preview.2',24),(1119,'1662952910','JoJo\'s Wondrous New House','Anthony Mazzurco','JoJo’s family just bought a house from family friends. While everyone is busy moving in, JoJo excitedly decides to explore her new home and learns that it holds some wonderful, unexpected surprises. Young readers with vivid imaginations and pre-readers (with the help of an older reader) are invited to follow along with JoJo as she tries to think of ways to enjoy the surprises her new home has to offer.','http://books.google.com/books/content?id=nKwVEQAAQBAJ&printsec=frontcover&img=1&zoom=1&edge=curl&source=gbs_api','2026-03-14 19:30:28','nKwVEQAAQBAJ',NULL,'Gatekeeper Press',2024,'Juvenile Fiction','NOT_MATURE','1.1.1.0.preview.3',30),(1120,'1974729206','JoJo’s Bizarre Adventure: Part 5--Golden Wind, Vol. 1','Hirohiko Araki','Golden Wind is here! The highly-acclaimed fifth arc of Hirohiko Araki’s JoJo’s Bizarre Adventure shifts the action from Japan to Italy, as Koichi Hirose heads to Europe to find an aspiring gangster named Giorno Giovanna, the secret son of Dio Brando, scourge of the Joestar family. Organized crime meets family drama and unbelievable enemy Stands in JoJo’s Bizarre Adventure: Part 5—Golden Wind! -- VIZ Media','http://books.google.com/books/content?id=RZo0EAAAQBAJ&printsec=frontcover&img=1&zoom=1&edge=curl&source=gbs_api','2026-03-14 19:30:29','RZo0EAAAQBAJ',NULL,'VIZ Media LLC',2021,'Comics & Graphic Novels','NOT_MATURE','1.4.4.0.preview.3',314),(1121,'1974714411','JoJo’s Bizarre Adventure: Part 4--Diamond Is Unbreakable, Vol. 3','Hirohiko Araki','Let’s go eat some Italian food! Josuke and the gang find themselves in hot water in a brand-new Italian restaurant thanks to its overly aggressive chef. Is he an enemy Stand user or just a foodie gone off the deep end? Plus, Josuke discovers that someone has been spying on every known Stand user in Morioh right before his absentee father, Joseph Joestar, comes to town, and the gang has to contend with Rohan Kishibe, a local mangaka who is a really bizarre individual! -- VIZ Media','http://books.google.com/books/content?id=0xi3DwAAQBAJ&printsec=frontcover&img=1&zoom=1&edge=curl&source=gbs_api','2026-03-14 19:30:29','0xi3DwAAQBAJ',NULL,'VIZ Media LLC',2019,'Comics & Graphic Novels','NOT_MATURE','2.3.2.0.preview.3',386),(1122,'1974721965','JoJo’s Bizarre Adventure: Part 4--Diamond Is Unbreakable, Vol. 6','Hirohiko Araki','Yukako Yamagishi still loves Koichi Hirose, despite how their last rendezvous turned out! She’s so desperate for his love that she may make a drastic decision in order to win his heart—a decision that could have disastrous consequences when a new Stand appears! Is this an enemy Stand, or is it going to help her in her quest? -- VIZ Media','http://books.google.com/books/content?id=eojyDwAAQBAJ&printsec=frontcover&img=1&zoom=1&edge=curl&source=gbs_api','2026-03-14 19:30:29','eojyDwAAQBAJ',NULL,'VIZ Media LLC',2020,'Comics & Graphic Novels','NOT_MATURE','2.4.3.0.preview.3',410),(1123,'1974756580','JoJo’s Bizarre Adventure: Part 7--Steel Ball Run, Vol. 1','Hirohiko Araki','Riders from around the world gather in the Wild West for the race of the century! Johnny Joestar, a former jockey paralyzed from the waist down, comes to spectate, and momentarily regains the ability to walk while watching a duel fought by Gyro Zeppeli. Desperate to learn more about this power, Johnny joins the race alongside Gyro and embarks on the most epic and bizarre race to ever cross the American frontier! -- VIZ Media','http://books.google.com/books/content?id=JiQoEQAAQBAJ&printsec=frontcover&img=1&zoom=1&edge=curl&source=gbs_api','2026-03-14 19:30:29','JiQoEQAAQBAJ',NULL,'VIZ Media LLC',2025,'Comics & Graphic Novels','NOT_MATURE','1.2.2.0.preview.3',392),(1124,'197472378X','JoJo’s Bizarre Adventure: Part 4--Diamond Is Unbreakable, Vol. 7','Hirohiko Araki','Josuke’s bizarre adventure reaches new heights! Who is this person who claims to be an alien? Did Rohan really witness a grisly murder in a tunnel on the highway? Has Yoshikage Kira finally met his match after all these years—and is it a cat or a plant? Morioh is as chaotic as ever!','http://books.google.com/books/content?id=-HwEEAAAQBAJ&printsec=frontcover&img=1&zoom=1&edge=curl&source=gbs_api','2026-03-14 19:30:30','-HwEEAAAQBAJ',NULL,'VIZ Media LLC',2020,'Comics & Graphic Novels','NOT_MATURE','0.4.1.0.preview.3',392),(1125,'1974757285','JoJo’s Bizarre Adventure: Part 7--Steel Ball Run, Vol. 2','Hirohiko Araki','Gyro leads the race at the end of the first stage—but it’s too soon to celebrate just yet. Three competitors have turned up dead, and the famous cowboy Mountain Tim has just been deputized to find the culprits. Following the trail of horseshoe tracks, he sets his sights on Johnny and Gyro. But as the three men collide in the hostile Arizona d','http://books.google.com/books/content?id=ECkoEQAAQBAJ&printsec=frontcover&img=1&zoom=1&edge=curl&source=gbs_api','2026-03-14 19:30:30','ECkoEQAAQBAJ',NULL,'VIZ Media LLC',2025,'Comics & Graphic Novels','NOT_MATURE','1.3.2.0.preview.3',410),(1126,'1974725502','JoJo’s Bizarre Adventure: Part 4--Diamond Is Unbreakable, Vol. 8','Hirohiko Araki','What kind of weirdo lives on a transmission tower?! An all-new enemy Stand attempts to trap, outwit and eliminate Josuke Higashikata and Okuyasu Nijimura, but Shining Diamond is a formidable foe! Then, the battle for Morioh turns personal when Koichi disappears. What else does this new enemy have in mind for the gang? Plus, Yoshikage Kira is still hiding, biding his time, eager to take another life... -- VIZ Media','http://books.google.com/books/content?id=8SUWEAAAQBAJ&printsec=frontcover&img=1&zoom=1&edge=curl&source=gbs_api','2026-03-14 19:30:30','8SUWEAAAQBAJ',NULL,'VIZ Media LLC',2021,'Comics & Graphic Novels','NOT_MATURE','1.5.4.0.preview.3',392),(1127,'1476674442','The Ages of The Flash','Joseph J. Darowski','While many American superheroes have multiple powers and complex gadgets, the Flash is simply fast. This simplicity makes his character easily comprehendible for all audiences, whether they are avid comic fans or newcomers to the genre, and in turn he has become one of the most iconic figures in the comic-book industry. This collection of new essays serves as a stepping-stone to an even greater understanding of the Flash, examining various iterations of his character--including those of Jay Garrick, Barry Allen, Wally West and Bart Allen--and what they reveal about the era in which they were written.','http://books.google.com/books/content?id=dzOXDwAAQBAJ&printsec=frontcover&img=1&zoom=1&edge=curl&source=gbs_api','2026-03-15 05:48:27','dzOXDwAAQBAJ','Essays on the Fastest Man Alive','McFarland',2019,'Literary Criticism','NOT_MATURE','0.1.2.0.preview.1',195),(1128,NULL,'The Flash: Season Zero (2014-) #21','Andrew Kreisberg','What was Leonard Snart like before he acquired his cold gun and became one of The Flash\'s most dangerous enemies? The origin of Captain Cold is revealed!','http://books.google.com/books/content?id=-rSeCQAAQBAJ&printsec=frontcover&img=1&zoom=1&edge=curl&source=gbs_api','2026-03-15 05:48:27','-rSeCQAAQBAJ',NULL,'DC',1970,'Comics & Graphic Novels','NOT_MATURE','1.4.2.0.preview.3',47),(1129,NULL,'The Flash (1959-1985) #224','Cary Bates','When Barry Allen’s friend is murdered running for district attorney on a campaign to root out mob ties in Central City, it’s the Flash who vows to bring his spirit justice-but is that the only spirit lurking in the shadows?','http://books.google.com/books/content?id=UFXQEAAAQBAJ&printsec=frontcover&img=1&zoom=1&edge=curl&source=gbs_api','2026-03-15 05:48:27','UFXQEAAAQBAJ',NULL,'DC Comics',1973,'Comics & Graphic Novels','NOT_MATURE','2.3.3.0.preview.3',22),(1130,NULL,'The Flash (1987-) #202','Geoff Johns','The Fastest Man Alive struggles to protect his fellow officers as the true identity of their killer is revealed.','http://books.google.com/books/content?id=mr-RBAAAQBAJ&printsec=frontcover&img=1&zoom=1&edge=curl&source=gbs_api','2026-03-15 05:48:27','mr-RBAAAQBAJ',NULL,'DC',1970,'Comics & Graphic Novels','NOT_MATURE','2.4.3.0.preview.3',24),(1131,'1401270883','The Flash: The Silver Age Vol. 2','John Broome','Written by John Broome (THE FLASH, GREEN LANTERN) and Robert Kanigher (SUICIDE SQUAD: THE SILVER AGE) and illustrated by Carmine Infantino and Joe Giella, THE FLASH: THE SILVER AGE VOL. 2 collects the era-defining adventures of the Scarlet Speedster. Police scientist Barry Allen always enjoyed the exploits of his favorite comic book crime-fighter, the Flash. But before lightning struck his lab and infused his body with the power of super-speed, he never dreamed he would follow in his hero’s footsteps! Fortunately for comics fans everywhere, that’s exactly what happened—and when DC’s revitalized Flash burst onto newsstands in 1956, he opened the door to a new age of excitement—a Silver Age of superheroes, spearheaded by legendary DC editor Julius Schwartz and his titanically talented team of creative collaborators. Now, for the first time, these groundbreaking Flash stories are available in an all-new series of comprehensive Omnibus editions. Collects THE FLASH #117-132.','http://books.google.com/books/content?id=-XmPEAAAQBAJ&printsec=frontcover&img=1&zoom=1&source=gbs_api','2026-03-15 05:48:27','-XmPEAAAQBAJ',NULL,'National Geographic Books',2017,'Comics & Graphic Novels','NOT_MATURE','preview-1.0.0',0),(1132,'9781401258757','The Flash Vol. 7 (the New 52)','Robert Venditti','Out of time! The Flash is trapped in a bizarre, lost land terrorized by castaways from the past, present, and future. But that leaves Central City without a hero and, even worse, an all-new murderous Flash shows up to take Barry\'s place. With Barry Allen trapped in the Speed Force while an impostor wreaks havoc at home, will the Fastest Man Alive make it back in time to put things right? Collects THE FLASH #36-40 and SECRET ORIGINS #7.','http://books.google.com/books/content?id=GnV8rgEACAAJ&printsec=frontcover&img=1&zoom=1&source=gbs_api','2026-03-15 05:48:27','GnV8rgEACAAJ',NULL,NULL,2016,NULL,'NOT_MATURE','preview-1.0.0',144),(1133,'1683351983','The Flash: Hocus Pocus','Barry Lyga','Race into action in this all-new original adventure based on the hit CW TV series, The Flash! In a timeline where Flashpoint never happened, The Flash (aka Barry Allen) must face a mysterious villain who can control the minds and actions of citizens. But when Hocus Pocus, as he calls himself, takes control of Barry, it’s up to Team Flash to help the Scarlet Speedster before he’s forced to do the unthinkable. Written by New York Times bestselling author Barry Lyga, this is one adventure fans of the TV series won’t want to miss! THE FLASH and all related characters and elements are trademarks of and © DC Comics. (s17)','http://books.google.com/books/content?id=4YgwDwAAQBAJ&printsec=frontcover&img=1&zoom=1&edge=curl&source=gbs_api','2026-03-15 05:48:27','4YgwDwAAQBAJ','(The Flash Book 1)','Abrams',2017,'Juvenile Fiction','NOT_MATURE','1.5.5.0.preview.3',215),(1134,'168335253X','The Flash: Johnny Quick','Barry Lyga','Based on the hit CW TV show, this second title in The Flash middle-grade series follows Barry Allen as he continues his mission to protect Central City from the sinister Hocus Pocus—but this time, a new evil lurks beneath the city streets . . . Written by New York Times–bestselling author Barry Lyga, this brand-new, original adventure builds upon the world of The Flash. This is one fans won’t want to miss!','http://books.google.com/books/content?id=ZTpGDwAAQBAJ&printsec=frontcover&img=1&zoom=1&edge=curl&source=gbs_api','2026-03-15 05:48:27','ZTpGDwAAQBAJ','(The Flash Book 2)','Abrams',2018,'Juvenile Fiction','NOT_MATURE','1.7.6.0.preview.3',206),(1135,'1683359828','The Flash: The Legends of Forever (Crossover Crisis #3)','Barry Lyga','The Legends of Tomorrow enter the fray in this epic conclusion to the Crossover Crisis trilogy The Flash and his friends have defeated Anti-Matter Man, but the race to save the multiverse is far from over. As a threat looms large at the end of Time itself, Barry, his Kryptonian allies, and the Green Arrow seek help from the leading experts on time travel, the Legends of Tomorrow. Meanwhile, Cisco has been taken by a mysterious figure—and Owlman’s plans for Madame Xanadu come to a thrilling head. Picking right up where Supergirl’s Sacrifice left off, this action-packed adventure brings the Crossover Crisis to a dramatic conclusion beyond the end of the universe.','http://books.google.com/books/content?id=coDTDwAAQBAJ&printsec=frontcover&img=1&zoom=1&edge=curl&source=gbs_api','2026-03-15 05:48:27','coDTDwAAQBAJ',NULL,'Abrams',2021,'Juvenile Fiction','NOT_MATURE','1.4.5.0.preview.3',275),(1136,'0596554273','Flash CS4: The Missing Manual','Chris Grover','Unlock the power of Flash and bring gorgeous animations to life onscreen. It\'s easy with Flash CS4: The Missing Manual. You\'ll start creating animations in the first chapter, and will learn to produce effective, well-planned visuals that get your message across. This entertaining new edition includes a complete primer on animation, a guided tour of the program\'s tools, lots of new illustrations, and more details on working with video. Beginners will learn to use the software in no time, and experienced Flash designers will improve their skills. Expanded and revised to cover the new version of Flash, every chapter in this book provides step-by-step tutorials to help you: Learn to draw objects, animate them, and integrate your own audio and video files Add interactivity, use special effects, learn morphing, and much more Check your work with the book\'s online example files and completed animations Discover new Flash toolkits and features such as Frameless Animation Use every timesaving aspect of Flash CS4, such as Library objects and Symbols Learn how to automate your drawings and animations with ActionScript 3.0 With this book, absolutely no programming is necessary to get started with Flash CS4. Flash CS4: The Missing Manual explains in jargon-free English exactly what you need to know to use Flash effectively, while avoiding common pitfalls, right from the start.','http://books.google.com/books/content?id=5lbgLdoGcusC&printsec=frontcover&img=1&zoom=1&edge=curl&source=gbs_api','2026-03-15 05:48:27','5lbgLdoGcusC','The Missing Manual','\"O\'Reilly Media, Inc.\"',2008,'Computers','NOT_MATURE','0.8.8.0.preview.3',755),(1137,'1250150973','Caraval: Chapter Sampler','Stephanie Garber','This excerpt from Caraval—Stephanie Garber’s sweeping tale of two sisters who escape their ruthless father when they enter the dangerous intrigue of a legendary game—contains for the first six chapters. Everyone is talking about Caraval! “Spellbinding.” —Sabaa Tahir, author of An Ember in the Ashes “Beautifully written.” —Renée Ahdieh, author of The Wrath and the Dawn “Shimmers with magic.” —Marie Rutkoski, author of The Winner’s Curse “Darkly enchanting.” —Kiersten White, author of And I Darken “Decadent.” —Roshani Chokshi, author of The Star-Touched Queen “Like stepping into a living dream.” —Stacey Lee, author of Outrun the Moon “Magnificent.” —Publishers Weekly, starred review “Destined to capture imaginations.” —Kirkus Reviews \"Ideal for fans ofThe Night Circus, Stardust, and The Hunger Games.” —SLJ','http://books.google.com/books/content?id=hy96DQAAQBAJ&printsec=frontcover&img=1&zoom=1&edge=curl&source=gbs_api','2026-03-15 06:43:11','hy96DQAAQBAJ',NULL,'Flatiron Books',2016,'Young Adult Fiction','NOT_MATURE','1.3.3.0.preview.2',57),(1138,'1250095255','Caraval','Stephanie Garber','The acclaimed New York Times bestseller Welcome, welcome to Caraval--Stephanie Garber\'s sweeping tale of the unbreakable bond between two sisters. It\'s the closest you\'ll ever find to magic in this world... Scarlett has never left the tiny island where she and her beloved sister, Tella, live with their powerful, and cruel, father. Now Scarlett\'s father has arranged a marriage for her, and Scarlett thinks her dreams of seeing Caraval, the far-away, once-a-year performance where the audience participates in the show, are over. But this year, Scarlett\'s long-dreamt of invitation finally arrives. With the help of a mysterious sailor, Tella whisks Scarlett away to the show. Only, as soon as they arrive, Tella is kidnapped by Caraval\'s mastermind organizer, Legend. It turns out that this season\'s Caraval revolves around Tella, and whoever finds her first is the winner. Scarlett has been told that everything that happens during Caraval is only an elaborate performance. But she nevertheless becomes enmeshed in a game of love, heartbreak, and magic with the other players in the game. And whether Caraval is real or not, she must find Tella before the five nights of the game are over, a dangerous domino effect of consequences is set off, and her sister disappears forever. Welcome, welcome to Caraval . . . beware of getting swept too far away. New York Times bestseller #1 IndieNext Pick Publishers Weekly Flying Start Entertainment Weekly Best 10 YA Books of 2017 Teen Vogue Best YA Book of the Year Amazon Best Book of the Year Barnes & Noble Best Book of the Year BuzzFeed Best Book of the Year \"The Hunger Games meets The Night Circus. Grade: A-.\" --Entertainment Weekly \"Impressive, original, wondrous.\" --USA Today \"Spellbinding.\" --US Weekly \"Magnificent.\" --Publishers Weekly, starred review \"I lost myself in this world.\" --Sabaa Tahir, author of An Ember in the Ashes \"Beautifully written.\" --Ren e Ahdieh, author of The Wrath and the Dawn \"Shimmers with magic.\" --Marie Rutkoski, author of The Winner\'s Curse \"Darkly enchanting.\" --Kiersten White, author of And I Darken \"Decadent.\" --Roshani Chokshi, author of The Star-Touched Queen \"Like stepping into a living dream.\" --Stacey Lee, author of Outrun the Moon \"Destined to capture imaginations.\" --Kirkus Reviews \"Ideal for fans of The Night Circus, Stardust, and The Hunger Games.\" --School Library Journal','http://books.google.com/books/content?id=kA-HDQAAQBAJ&printsec=frontcover&img=1&zoom=1&edge=curl&source=gbs_api','2026-03-15 06:43:11','kA-HDQAAQBAJ',NULL,'Macmillan',2017,'Juvenile Fiction','NOT_MATURE','1.2.2.0.preview.0',416),(1139,'1250157668','Finale','Stephanie Garber','Welcome, welcome to Finale, the third and final book in Stephanie Garber\'s #1 New York Times bestselling Caraval series A love worth fighting for. A dream worth dying for. An ending worth waiting for. It\'s been two months since the Fates were freed from a deck of cards, two months since Legend claimed the throne for his own, and two months since Tella discovered the boy she fell in love with doesn\'t really exist. With lives, empires, and hearts hanging in the balance, Tella must decide if she\'s going to trust Legend or a former enemy. After uncovering a secret that upends her life, Scarlett will need to do the impossible. And Legend has a choice to make that will forever change and define him. Caraval is over, but perhaps the greatest game of all has begun. There are no spectators this time: only those who will win, and those who will lose everything. Welcome, welcome to Finale. All games must come to an end...','http://books.google.com/books/content?id=O1J0DwAAQBAJ&printsec=frontcover&img=1&zoom=1&edge=curl&source=gbs_api','2026-03-15 06:43:11','O1J0DwAAQBAJ','A Caraval Novel',NULL,2019,'Juvenile Fiction','NOT_MATURE','0.1.2.0.preview.0',493),(1140,'9781399739672','Caraval','Stephanie Garber',NULL,'http://books.google.com/books/content?id=ocPS0AEACAAJ&printsec=frontcover&img=1&zoom=1&source=gbs_api','2026-03-15 06:43:11','ocPS0AEACAAJ','Remember,its Only a Game','Hodderscape',2024,'Fiction','NOT_MATURE','preview-1.0.0',0),(1141,'1250095336','Legendary','Stephanie Garber','The “immersive and imaginative“ (USA TODAY) games continue in the #1 NEW YORK TIMES bestseller LEGENDARY, the mesmerizing sequel to CARAVAL Donatella and Scarlett Dragna escaped their cruel father and made it out of Caraval alive, but the games aren’t over yet. What Scarlett doesn’t know is that, in order to gain their freedom, Tella made a deal with a mysterious stranger and now it’s time to pay. Except what Tella owes is something that no one has ever been able to deliver: the true name of Caraval Master Legend. Tella’s only chance at uncovering Legend’s true identity is to enter the dangerous game of Caraval once more, and win. But what will she have to sacrifice to do that? Don’t miss FINALE, the stunning conclusion to the Caraval trilogy—out now!','http://books.google.com/books/content?id=wrc3DwAAQBAJ&printsec=frontcover&img=1&zoom=1&edge=curl&source=gbs_api','2026-03-15 06:43:11','wrc3DwAAQBAJ','A Caraval Novel','Flatiron Books',2018,'Young Adult Fiction','NOT_MATURE','2.7.7.0.preview.2',462),(1142,'1529350174','The Caraval Complete Trilogy','Stephanie Garber','\'If you ever wondered how it would feel to step into a living dream, here\'s your ticket\' - Stacey Lee Welcome to Caraval, where nothing is quite what it seems . . . Scarlett has never left the tiny isle of Trisda, pining from afar for the wonder of Caraval, a once-a-year week-long performance where the audience participates in the show. Caraval is Magic. Mystery. Adventure. And for Scarlett and her beloved sister Tella it represents freedom and an escape from their ruthless, abusive father. When the sisters\' long-awaited invitations to Caraval finally arrive, it seems their dreams have come true. But no sooner have they arrived than Tella vanishes, kidnapped by the show\'s mastermind organiser, Legend. Scarlett has been told that everything that happens during Caraval is only an elaborate performance. But nonetheless she quickly becomes enmeshed in a dangerous game of love, magic and heartbreak. And real or not, she must find Tella before the game is over, and her sister disappears forever. *************** PRAISE FOR THE CARAVAL SERIES \'Impressive, original, wondrous\' - USA Today \'Spellbinding\' - US Weekly \'Magnificent\' Publishers Weekly \'The Hunger Games meets The Night Circus\' - Entertainment Weekly \'I lost myself in this world\' - Sabaa Tahir \'Beautifully written\' - Renée Ahdieh \'Shimmers with magic\' - Marie Rutkoski','http://books.google.com/books/content?id=nXj0DwAAQBAJ&printsec=frontcover&img=1&zoom=1&source=gbs_api','2026-03-15 06:43:11','nXj0DwAAQBAJ',NULL,'Hachette UK',2020,'Fiction','NOT_MATURE','1.8.8.0.preview.2',1030),(1143,'9781250225450','Caraval Boxed Set','Stephanie Garber',NULL,'http://books.google.com/books/content?id=dwMAwAEACAAJ&printsec=frontcover&img=1&zoom=1&source=gbs_api','2026-03-15 06:43:11','dwMAwAEACAAJ','Caraval / Legendary / Finale','Caraval',2019,'Young Adult Fiction','NOT_MATURE','preview-1.0.0',0),(1144,'125036888X','Caraval Holiday Collection','Stephanie Garber','A gorgeous red boxed set (4 books) of the #1 New York Times bestselling Caraval series to celebrate the publication of Spectacular! For a limited time, all four books in the #1 New York Times bestselling Caraval series are now available together in a holiday repackage with exclusive white covers and stained edges. Welcome, welcome to the world of Caraval--Stephanie Garber\'s sweeping tale of the unbreakable bond between two sisters and the game that is more than what it seems. . . . In Caraval, Scarlett has never left the tiny island where she and her beloved sister, Tella, live with their powerful and cruel father. But this year, Scarlett\'s long-dreamt of invitation to Caraval, the far-away, once-a-year performance where the audience participates in the show, finally arrives. In Legendary, the Dragna sisters should be celebrating, but Tella isn\'t yet free. She made a desperate bargain with a mysterious criminal, and what Tella owes him no one has ever been able to deliver: Caraval Master Legend\'s true name. In Finale, with lives, empires, and hearts hanging in the balance, Scarlett and Tella fight for their lives and for each other. There are no spectators this time: only those who will win, and those who will lose everything. In Spectacular, Scarlett is planning a celebration for the city while Tella is searching for the perfect gift to change Legend\'s mind about the Great Holiday. She hasn\'t found this perfect gift just yet, but surely there\'s some holiday magic swirling around. . . .','http://books.google.com/books/content?id=u87sEAAAQBAJ&printsec=frontcover&img=1&zoom=1&source=gbs_api','2026-03-15 06:43:11','u87sEAAAQBAJ','Caraval, Legendary, Finale, Spectacular',NULL,2024,'Young Adult Fiction','NOT_MATURE','preview-1.0.0',0),(1145,'9783492704168','Es ist nur ein Spiel','Stephanie Garber','Die Geschichte von zwei Schwestern, die ihrem gewalttätigem Vater entkommen wollen und sich ein Leben in Freiheit wünschen. Dafür nehmen sie am magischen Spiel von Caraval teil und riskieren dabei ihr Leben. Schnell verliert man den Überblick über Realität und Fiktion. Wem kann man trauen? Ab 15',NULL,'2026-03-15 06:43:11','RYR2zwEACAAJ','',NULL,2017,NULL,'NOT_MATURE','preview-1.0.0',0),(1146,NULL,'An Anthology of South Dakota Poetry',NULL,NULL,'http://books.google.com/books/content?id=CpFLAAAAIAAJ&printsec=frontcover&img=1&zoom=1&edge=curl&source=gbs_api','2026-03-15 06:43:12','CpFLAAAAIAAJ',NULL,NULL,1928,'American literature','NOT_MATURE','0.5.4.0.full.1',264),(1147,'0241997038','People We Meet On Vacation','Emily Henry','** SET TO BE A MAJOR NETFLIX RELEASE STARRING EMILY BADER AND TOM BLYTH! ** ------ \'One of my favourite authors\' Colleen Hoover, It Ends With Us \'A gorgeous romance\' Beth O\'Leary, The No-Show \'Loveable characters, hilarious wit and steamy sexual chemistry\' Laura Jane Williams, Our Stop *Also known as People We Meet On Vacation* ------ Two friends. Ten trips. Their last chance to fall in love... 12 YEARS AGO: Poppy and Alex meet. They hate each other, and are pretty confident they\'ll never speak again. 11 YEARS AGO: They\'re forced to share a ride home from college and by the end of it a friendship is formed. And a pact: every year, one vacation together. 10 YEARS AGO: Alex discovers his fear of flying on the way to Vancouver. Poppy holds his hand the whole way. 7 YEARS AGO: They get far too drunk and narrowly avoid getting matching tattoos in New Orleans. 2 YEARS AGO: It all goes wrong. THIS YEAR: Poppy asks Alex to join her on one last trip. A trip that will determine the rest of their lives. You and Me on Vacation is a New York Times bestselling love story for fans of When Harry Met Sally, One Day and Casey McQuiston. Get ready to travel the world, snort with laughter and - most of all - lose your heart to Poppy and Alex. ------ \'Our generation\'s answer to Nora Ephron\' Sophie Cousens, This Time Next Year \'So warm and funny\' Paige Toon, The Minute I Saw You \'The hottest book of the summer - the pages simply sizzle!\' Josie Silver, One Night on the Island \'Emily Henry is my newest automatic-buy author . . . a heartfelt, funny, tender escape that you wish could last forever\' Jodi Picoult, Wish You Were Here \'A compulsively readable book full of sparkling wit, dazzling prose and a romance that grabbed me by the heart and wouldn\'t let me go\' Abby Jiminez, Part of Your World \'Funny, and seriously sizzling\' BEST \'If whipcrack banter and sexual tension is your catnip, you\'ll adore this book\' Sally Thorne, The Hating Game \'What an absolute flipping triumph of a novel!!! I LOVED it \' Emma Cooper, It Was Always You Emily Henry, Sunday Times bestseller, May 2024','http://books.google.com/books/content?id=xWNjEAAAQBAJ&printsec=frontcover&img=1&zoom=1&source=gbs_api','2026-03-15 06:44:47','xWNjEAAAQBAJ',NULL,'Random House',2022,'Fiction','NOT_MATURE','1.7.8.0.preview.2',336),(1148,'0593956222','People We Meet on Vacation','Emily Henry','Emily Henry’s dazzling New York Times bestselling novel now in this special hardcover collector’s edition with: • A gleaming redesigned cover • Stunning illustrated endpapers and matching sprayed edges that will take you poolside in sunny Palm Springs • A copper foil–stamped case, and… • A new letter from the author and exclusive postcard art Two best friends. Ten summer trips. One last chance to fall in love. Poppy and Alex. Alex and Poppy. They have nothing in common. She’s a wild child; he wears khakis. She has insatiable wanderlust; he prefers to stay home with a book. And somehow, ever since a fateful car share home from college many years ago, they are the very best of friends. For most of the year they live far apart—she’s in New York City, and he’s in their small hometown—but every summer, for a decade, they have taken one glorious week of vacation together. Until two years ago, when they ruined everything. They haven\'t spoken since. Poppy has everything she should want, but she’s stuck in a rut. When someone asks when she was last truly happy, she knows, without a doubt, it was on that ill-fated, final trip with Alex. And so, she decides to convince her best friend to take one more vacation together—lay everything on the table, make it all right. Miraculously, he agrees. Now she has a week to fix everything. If only she can get around the one big truth that has always stood quietly in the middle of their seemingly perfect relationship. What could possibly go wrong?','http://books.google.com/books/content?id=antCEQAAQBAJ&printsec=frontcover&img=1&zoom=1&edge=curl&source=gbs_api','2026-03-15 06:44:48','antCEQAAQBAJ','Deluxe Edition','Penguin Group',2025,'Fiction','NOT_MATURE','1.1.1.0.preview.1',385),(1149,NULL,'People We Meet On Vacation By Emily Henry','Easy Reads','People We Meet On Vacation is a warm, character driven story about friendship, timing, and the risk of telling the truth. Poppy and Alex share one tradition. One vacation every year. She loves chaos and stories. He values structure and quiet. For a decade, trips turn into memories shaped by late nights, missed trains, and conversations which matter more than destinations. Two years ago, something breaks their rhythm. They stop speaking. Poppy decides to fix it. One final trip. One chance to face what went wrong. As past vacations unfold beside the present, feelings long ignored surface with force. The story explores how love grows from familiarity and how fear keeps people silent. Emily Henry delivers an honest look at connection, regret, and the moment you choose to stop running from what your heart wants. Disclaimer: You are viewing a summary of the content from the book, People We Meet On Vacation. The summary\'s contents are not poised to replace the original book. It is meant as a complement to enhance the reader\'s understanding.','http://books.google.com/books/content?id=jzq3EQAAQBAJ&printsec=frontcover&img=1&zoom=1&edge=curl&source=gbs_api','2026-03-15 06:44:48','jzq3EQAAQBAJ','Summary & Analysis','Easy Reads',1970,'Fiction','NOT_MATURE','1.1.1.0.preview.3',30),(1150,NULL,'People We Meet on Vacation: Collector\'s Edition (Netflix Tie-In)','Emily Henry','NOW A NETFLIX FILM! • Emily Henry’s sparkling New York Times bestselling novel—now in a beautiful movie tie-in collector’s edition featuring: · Exclusive Netflix movie art · Gorgeous, leafy sprayed edges · A bonus essay by Emily Henry about the novel\'s journey from page to screen! Two best friends. Ten summer trips. One last chance to fall in love. Poppy and Alex. Alex and Poppy. They have nothing in common. She\'s a wild child; he wears khakis. She has insatiable wanderlust; he prefers to stay home with a book. And somehow, ever since a fateful car share home from college many years ago, they are the very best of friends. For most of the year they live far apart—she\'s in New York City, and he\'s in their small hometown—but every summer, for a decade, they have taken one glorious week of vacation together. Until two years ago, when they ruined everything. They haven\'t spoken since. Poppy has everything she should want, but she\'s stuck in a rut. When someone asks when she was last truly happy, she knows, without a doubt, it was on that ill-fated, final trip with Alex. And so, she decides to convince her best friend to take one more vacation together—lay everything on the table, make it all right. Miraculously, he agrees. Now she has a week to fix everything. If only she can get around the one big truth that has always stood quietly in the middle of their seemingly perfect relationship. What could possibly go wrong?','http://books.google.com/books/content?id=OLqFEQAAQBAJ&printsec=frontcover&img=1&zoom=1&edge=curl&source=gbs_api','2026-03-15 06:44:48','OLqFEQAAQBAJ',NULL,'Penguin Group',2025,'Fiction','NOT_MATURE','1.1.1.0.preview.1',401),(1151,NULL,'Summary of People We Meet on Vacation By Emily Henry','Peter Cuomo','A high-quality summary of Emily Henry´s book People We Meet on Vacation including chapter details and analysis of the main themes of the original book. About the original book: Poppy and Alex. There isn\'t a single thing they share in common. He\'s dressed in khakis and she\'s a wild youngster. He loves to stay at home with a book, while she has an unquenchable wanderlust. And they\'ve been the best of friends ever since a disastrous car ride home from college many years ago. They live far apart for the majority of the year—she in New York City, and he in their little hometown—but they have spent one lovely week of vacation together every summer for the past decade. Until they damaged everything two years ago. Since then, they haven\'t talked. Poppy has all she needs, but she can\'t seem to get out of her rut. When others ask her when she was last really happy, she knows it was on that final, ill-fated vacation with Alex. As a result, she resolves to persuade her closest friend to spend one more trip with her—to lay everything out on the table and make things okay. Surprisingly, he agrees. She now has a week to get things in order. If she could just get over the one major fact that has always lurked in the background of their seemingly ideal relationship. What\'s the worst that might happen?','http://books.google.com/books/content?id=rLlZEAAAQBAJ&printsec=frontcover&img=1&zoom=1&edge=curl&source=gbs_api','2026-03-15 06:44:48','rLlZEAAAQBAJ','People We Meet on Vacation Book Complete Analysis & Study Guide by Peter Cuomo','Peter Cuomo',1970,'Study Aids','NOT_MATURE','0.2.3.0.preview.3',51),(1152,NULL,'Summary Of: People We Meet on Vacation By: Emily Henry','Mehdi Sarah','DISCLAIMER: The author and the publisher do not warrant the accuracy of the information, text and graphics contained within and does not hold any responsibility for errors, omissions or contrary interpretation of the subject matter herein. The use of this book implies your acceptance of this disclaimer. This is an unofficial journal meant for educational, personal and informational purposes only. This book has not been authorized, approved, licensed or endorsed by the author of the original book or his/her publisher and any of their licensees or affiliates However, companion books are legal and our intention in publishing this book is sincere, as readers can use this book alongside the main text. This book is to be used as a companion book and not as a substitute to the main book. SУNОРЅІЅ. Poppy and Alеx. Alex аnd Poppy. Thеу hаvе nоthіng іn common. Shе\'ѕ a wіld сhіld; hе wears khakis. Shе hаѕ іnѕаtіаblе wаndеrluѕt; hе prefers to ѕtау home with a bооk. And ѕоmеhоw, еvеr ѕіnсе a fаtеful car share hоmе frоm соllеgе mаnу уеаrѕ ago, thеу аrе the vеrу bеѕt of frіеndѕ. Fоr mоѕt оf thе уеаr thеу live fаr apart-she\'s in Nеw York Cіtу, аnd hе\'ѕ іn thеіr ѕmаll hоmеtоwn-but еvеrу ѕummеr, for a dесаdе, thеу hаvе tаkеn one glоrіоuѕ wееk оf vacation tоgеthеr. Untіl two уеаrѕ ago, whеn they ruined everything. Thеу hаvеn\'t ѕроkеn ѕіnсе. Poppy hаѕ еvеrуthіng ѕhе ѕhоuld wаnt, but ѕhе\'ѕ ѕtuсk in a rut. When ѕоmеоnе asks when ѕhе was lаѕt trulу hарру, she knоwѕ, without a doubt, іt wаѕ оn thаt ill-fated, final trip wіth Alex. And so, ѕhе dесіdеѕ to соnvіnсе her bеѕt friend tо take оnе mоrе vасаtіоn tоgеthеr-lау еvеrуthіng оn thе tаblе, make it аll rіght. Miraculously, he аgrееѕ. Nоw ѕhе hаѕ a wееk tо fіx everything. If only she саn gеt аrоund thе оnе big truth thаt hаѕ аlwауѕ ѕtооd quietly іn the middle оf thеіr ѕееmіnglу perfect rеlаtіоnѕhір. Whаt соuld роѕѕіblу gо wrоng? NOTE: This summary wasn\'t written with the intention of replacing the original book, rather it was made to act as a guide for you to enjoy and understand the original book.',NULL,'2026-03-15 06:44:48','WjK9zgEACAAJ',NULL,NULL,2021,NULL,'NOT_MATURE','preview-1.0.0',24),(1153,'0593953665','Emily Henry 3-Book Boxed Set','Emily Henry','From #1 New York Times bestselling author Emily Henry comes a sparkling and stylish boxed set of the first three novels that started the phenomenon: Beach Read, People We Meet on Vacation, and Book Lovers. Showcasing Emily Henry\'s trademark elevated romantic fiction, these three novels are filled to the brim with wit, banter, and joy, while also being relatable, genuinely funny, and cathartic, as Emily tackles themes that resonate deeply with her readers. Beach Read A romance author who no longer believes in love and a literary writer stuck in a rut engage in a summer-long challenge that may just upend everything they believe about happily-ever-afters. People We Meet on Vacation Alex and Poppy are the best of friends, and every summer they have taken one glorious week of vacation together--until two years ago, when they ruined everything. Now, Poppy wants her best friend back and convinces Alex to go on one more trip together: one week to fix everything. Book Lovers A cutthroat literary agent agrees to accompany her sister on a trip to Sunshine Falls, NC, in order to become the heroine in her own story, only to keep bumping into the brooding editor from back in the city.','http://books.google.com/books/content?id=deoTEQAAQBAJ&printsec=frontcover&img=1&zoom=1&edge=curl&source=gbs_api','2026-03-15 06:44:48','deoTEQAAQBAJ','Beach Read, People We Meet on Vacation, and Book Lovers','Penguin Group',2024,'Fiction','NOT_MATURE','1.1.1.0.preview.1',402),(1154,NULL,'People We Meet on Vacation','Richard Turner','Poppy and Alex. Alex and Poppy. They have nothing in common. She\'s a wild child; he wears khakis. She has insatiable wanderlust; he prefers to stay home with a book. And somehow, ever since a fateful car share home from college many years ago, they are the very best of friends. For most of the year they live far apart--she\'s in New York City, and he\'s in their small hometown--but every summer, for a decade, they have taken one glorious week of vacation together. Until two years ago, when they ruined everything. They haven\'t spoken since. Poppy has everything she should want, but she\'s stuck in a rut. When someone asks when she was last truly happy, she knows, without a doubt, it was on that ill-fated, final trip with Alex. And so, she decides to convince her best friend to take one more vacation together--lay everything on the table, make it all right. Miraculously, he agrees.',NULL,'2026-03-15 06:44:48','CuY9zgEACAAJ',NULL,NULL,2021,NULL,'NOT_MATURE','preview-1.0.0',120),(1155,NULL,'People We Meet on Vacation','Chad M McMahon','People We Meet on Vacation: The Movie Review Guide is the warm, smart, and heartfelt companion for anyone who cares about story, chemistry, and character. This book is made for readers who loved the original novel and for viewers who cannot wait to watch the onscreen version. It explores how a slow friendship turns into something real, and why that connection matters. You\'ll get a clear, thoughtful look at how the romance between Poppy and Alex is built, why it feels honest, and how the final trip raises the stakes for both of them. You will also understand how a modern romantic comedy still has the power to move people. Inside, you\'ll find a full discussion of casting and why it matters. You\'ll see how Emily Bader as Poppy Wright and Tom Blyth as Alex Nilsen carry the heart of the story, how their energy shapes the tension, and how that energy supports the core \"best friends trying not to admit they\'re in love\" hook. You\'ll get insight on performances from Sarah Catherine Hook, Jameela Jamil as Swapna Bakshi-Highsmith, Lucien Laviscount, Lukas Gage, Miles Heizer, Alice Lee, Tommy Do, Alan Ruck, Molly Shannon, and Michael A. Newcomer, and how each one adds texture, humor, and warmth. You\'ll learn how real chemistry on screen helps carry a romance that spans years. This guide looks at how the bestselling book became a film and what changes when a private joke, a shared hotel room, or a stolen glance is no longer on the page but right in front of you. It studies the tropes that fans love, including friends to lovers romance story, slow burn friends to lovers, and the emotional pull of a summer vacation love story. It also explores how a decade of memories turns into a single story for the screen, and how that shift serves both book lovers and new viewers. Whether you\'re searching for people we meet on vacation movie review, you\'re curious about people we meet on vacation book to movie, or you\'re an Emily Henry reader looking for an emily henry fans guide, this companion breaks down what makes this adaptation special. It highlights poppy and alex love story, celebrates cast chemistry with a full cast and chemistry review people we meet on vacation, and serves as the most complete romantic comedy movie guide for People We Meet on Vacation (film). By the end, you\'ll be able to explain why this is not just a people we meet on vacation review, but the people we meet on vacation adaptation fans have been waiting for, and the the people we meet on vacation movie review that helps you watch with new eyes, starting from the heart of the people we meet on vacation book.','http://books.google.com/books/content?id=oaWn0QEACAAJ&printsec=frontcover&img=1&zoom=1&source=gbs_api','2026-03-15 06:44:48','oaWn0QEACAAJ','The Movie Review Guide: Chemistry, Performances, and the Summer Trip Love Story','Independently Published',2025,'Performing Arts','NOT_MATURE','preview-1.0.0',0),(1156,NULL,'PEOPLE WE MEET ON VACATION','Robert S. Bell','Two Best Friends, One Life-Changing Reunion: Discover the Love and Adventure That Could Rewrite Their Future\" In this captivating exploration of People We Meet on Vacation, we take a deeper dive into the unforgettable journey of Poppy and Alex—two best friends whose bond evolves from carefree vacations to something much more profound. Over the course of their annual summer getaways, they share laughs, adventures, and beautiful destinations. But when their friendship is put to the ultimate test, secrets, unspoken feelings, and years of emotional silence threaten to unravel everything they\'ve built. As they reunite in the stunning city of Barcelona, the weight of their shared past looms large. Will they overcome their fears of love and vulnerability, or will the complexities of friendship and romance be too much to bridge? This is not just a story about travel—it’s a journey into the heart of human connection, the highs and lows of love, and the importance of facing the truth, no matter how difficult. Through intimate insights, behind-the-scenes moments, and reflections on what makes this story so enduringly powerful, People We Meet on Vacation explores themes of self-discovery, personal growth, and the transformative power of love and friendship. If you’ve ever wondered what it takes to heal a broken bond, rekindle a lost connection, or take a leap of faith in love, this book is for you. Dive deep into the world of Poppy and Alex, and discover the journey that changed their lives forever. Grab your copy now and experience the emotional rollercoaster of rekindling love, discovering yourself, and embracing the adventure of life!','http://books.google.com/books/content?id=-eK4EQAAQBAJ&printsec=frontcover&img=1&zoom=1&edge=curl&source=gbs_api','2026-03-15 06:44:48','-eK4EQAAQBAJ','A Deep Dive into Love, Friendship, and Life-Changing Journeys in the Hit Romantic Comedy','Robert S. Bell',1970,'Fiction','NOT_MATURE','preview-1.0.0',102),(1157,'1526634244','A Court of Thorns and Roses','Sarah J. Maas','Lose yourself in a world so sumptuous that you may never return home ... The tantalising start to a seductive fantasy series from global #1 bestselling author Sarah J. Maas for fans of E.L. James and Deborah Harkness','http://books.google.com/books/content?id=VswAEAAAQBAJ&printsec=frontcover&img=1&zoom=1&edge=curl&source=gbs_api','2026-03-15 06:58:30','VswAEAAAQBAJ','Enter the EPIC fantasy worlds of Sarah J Maas with the breath-taking first book in the GLOBALLY BESTSELLING ACOTAR series','Bloomsbury Publishing',2020,'Fiction','NOT_MATURE','1.3.3.0.preview.1',451),(1158,'1639730087','A Court of Thorns and Roses eBook Bundle','Sarah J. Maas','Lose yourself in the seductive world of the Court of Thorns and Roses series (ACOTAR) by #1 global bestselling phenomenon Sarah J. Maas with this five-eBook bundle.','http://books.google.com/books/content?id=yzZ7EAAAQBAJ&printsec=frontcover&img=1&zoom=1&edge=curl&source=gbs_api','2026-03-15 06:58:31','yzZ7EAAAQBAJ','A 5 Book Bundle','Bloomsbury Publishing USA',2022,'Fiction','NOT_MATURE','2.6.5.0.preview.3',2962),(1159,NULL,'A Court of Thorns and Roses Paperback Box Set (5 Books)','Sarah J. Maas',NULL,'http://books.google.com/books/content?id=N2tZ0QEACAAJ&printsec=frontcover&img=1&zoom=1&source=gbs_api','2026-03-15 06:58:31','N2tZ0QEACAAJ',NULL,NULL,2022,'Fiction','NOT_MATURE','preview-1.0.0',0),(1160,NULL,'A Court of Thorns and Roses Full Series 5 Book Box Set by Sarah J. Maas','Sarah J. Maas','Lose yourself in the seductive world of the Court of Thorns and Roses (ACOTAR) series by #1 global bestselling phenomenon Sarah J. Maas with this gorgeous box set that includes all five paperbacks.','http://books.google.com/books/content?id=SI3Y0QEACAAJ&printsec=frontcover&img=1&zoom=1&source=gbs_api','2026-03-15 06:58:31','SI3Y0QEACAAJ',NULL,NULL,2023,'Family & Relationships','NOT_MATURE','preview-1.0.0',0),(1161,'1408890313','A Court of Frost and Starlight','Sarah J. Maas','Forget yourself on one magical night ... A sparkling companion tale to the seductive fantasy series from global #1 bestselling author Sarah J. Maas for fans of E.L. James and Deborah Harkness','http://books.google.com/books/content?id=3wA1DwAAQBAJ&printsec=frontcover&img=1&zoom=1&edge=curl&source=gbs_api','2026-03-15 06:58:31','3wA1DwAAQBAJ','An unmissable companion tale to the GLOBALLY BESTSELLING, SENSATIONAL series','Bloomsbury Publishing',2018,'Fiction','NOT_MATURE','4.23.22.0.preview.3',250),(1162,'9781408888421','A Court of Thorns and Roses Colouring Book','Sarah J. Maas','The #1 New York Times bestselling A Court of Thorns and Roses series is brought to life in this stunning new colouring book.This must-have companion invites readers to experience and colour in the vivid imagery of Sarah J. Maas\'s #1 New York Times bestselling A Court of Thorns and Roses series. Forty-six pieces of stunning original artwork bring to life favourite characters, creatures and moments, including the lush beauty of the Spring Court and the glimmering allure of the Night Court. Join Feyre as she falls in love, wages war and explores the haunting and deadly world of the Fae.','http://books.google.com/books/content?id=CW8JMQAACAAJ&printsec=frontcover&img=1&zoom=1&source=gbs_api','2026-03-15 06:58:31','CW8JMQAACAAJ',NULL,'Bloomsbury Young Adult',2017,'Coloring books','NOT_MATURE','preview-1.0.0',0),(1163,'1619635194','A Court of Mist and Fury','Sarah J. Maas','The #1 New York Times bestselling sequel to Sarah J. Maas\'s stunning and seductive A Court of Thorns and Roses.','http://books.google.com/books/content?id=GcbMDgAAQBAJ&printsec=frontcover&img=1&zoom=1&edge=curl&source=gbs_api','2026-03-15 06:58:31','GcbMDgAAQBAJ',NULL,'Bloomsbury Publishing USA',2017,'Fiction','NOT_MATURE','0.1.2.0.preview.1',661),(1164,'1619635208','A Court of Wings and Ruin','Sarah J. Maas','Sarah J. Maas hit the New York Times SERIES list at #1 with A Court of Wings and Ruin!','http://books.google.com/books/content?id=4fZaEAAAQBAJ&printsec=frontcover&img=1&zoom=1&edge=curl&source=gbs_api','2026-03-15 06:58:31','4fZaEAAAQBAJ',NULL,'Bloomsbury Publishing USA',2018,'Fiction','NOT_MATURE','0.1.2.0.preview.1',739),(1165,NULL,'How Well Do You Know A Court of Thorns and Roses (ACOTAR)?','Selene Riddlemoon','How Well Do You Know the A Court of Thorns and Roses Series? Calling all fans of the ACOTAR series! Are you ready to put your knowledge of the Court of Thorns and Roses to the ultimate test? Whether you\'re a die-hard fan who\'s read every book in the ACOTAR book set or a newcomer diving into the world of Feyre, Tamlin, and Rhysand, this quiz is for you! This is your chance to prove you know every twist, turn, and trial from the A Court of Thorns and Roses series, including A Court of Mist and Fury and beyond. From the enchanted lands of the Spring Court to the mysterious depths of the Night Court, the Court of Thorns and Roses series will test the limits of your memory. Do you remember every detail from each book in the A Court of Thorns and Roses series set? Do you know all the secrets behind the courts, the characters, and their complex relationships? In this ACOTAR quiz, you\'ll face questions that challenge your understanding of the world Sarah J. Maas has created. From Feyre\'s transformation to the epic journeys across the lands, each question brings you closer to proving you\'re a true fan of the A Court of Thorns and Roses universe. So, are you ready to take the test and see how well you really know the Court of Thorns and Roses? Take the 100-question challenge now, and get ready to dive deep into the magic, mystery, and romance of one of the most beloved fantasy series of our time!','http://books.google.com/books/content?id=0NCR0QEACAAJ&printsec=frontcover&img=1&zoom=1&source=gbs_api','2026-03-15 06:58:31','0NCR0QEACAAJ','Can You Pass These 100-Question Challenge?','Independently Published',2025,'Fiction','NOT_MATURE','preview-1.0.0',0),(1166,'1635577756','A Court of Thorns and Roses eBook Bundle','Sarah J. Maas','Passionate, violent, sexy and daring ... A true page-turner - USA TODAY on A Court of Thorns and Roses Feyre is a huntress. The skin of a wolf would bring enough gold to feed her sisters for a month. But the life of a magical creature comes at a steep price, and Feyre has just killed the wrong wolf ... Follow Feyre\'s journey into the dangerous, alluring world of the Fae, where she will lose her heart, face her demons, and learn what she is truly capable of. This four-ebook bundle of the #1 New York Times bestselling series by Sarah J. Maas includes A Court of Thorns and Roses, A Court of Mist and Fury, A Court of Wings and Ruin, and the companion tale A Court of Frost and Starlight.','http://books.google.com/books/content?id=nYgHEAAAQBAJ&printsec=frontcover&img=1&zoom=1&edge=curl&source=gbs_api','2026-03-15 06:58:31','nYgHEAAAQBAJ','A 4 Book Bundle','Bloomsbury Publishing USA',2020,'Fiction','NOT_MATURE','1.6.6.0.preview.3',2974),(1167,'1984806742','Beach Read','Emily Henry','FROM THE #1 NEW YORK TIMES BESTSELLING AUTHOR OF FUNNY STORY! A romance writer who no longer believes in love and a literary writer stuck in a rut engage in a summer-long challenge that may just upend everything they believe about happily ever afters. As featured in The New York Times Book Review ∙ Entertainment Weekly ∙ Oprah Magazine ∙ Betches ∙ Shondaland ∙ Good Morning America ∙ The New York Post ∙ Good Housekeeping ∙ CNN ∙ and more! Augustus Everett is an acclaimed author of literary fiction. January Andrews writes bestselling romance. When she pens a happily ever after, he kills off his entire cast. They’re polar opposites. In fact, the only thing they have in common is that for the next three months, they\'re living in neighboring beach houses, broke, and bogged down with writer\'s block. Until, one hazy evening, one thing leads to another and they strike a deal designed to force them out of their creative ruts: Augustus will spend the summer writing something happy, and January will pen the next Great American Novel. She’ll take him on field trips worthy of any rom-com montage, and he’ll take her to interview surviving members of a backwoods death cult (obviously). Everyone will finish a book and no one will fall in love. Really.','http://books.google.com/books/content?id=lxGuDwAAQBAJ&printsec=frontcover&img=1&zoom=1&edge=curl&source=gbs_api','2026-03-15 06:59:35','lxGuDwAAQBAJ',NULL,'Penguin',2020,'Fiction','NOT_MATURE','2.7.6.0.preview.2',401),(1169,'1602355479','Florida','Jeff Rice','This collection proposes Florida as a nexus of various contested moments, ideas, concepts, and relations. In the age of networks, it is not enough to only think of computerized, economic, or labor-intensive systems as networks. Florida is both a site of exploration—what does Florida mean – and a model for spatial work in general—how do we trace out the networked connections of a given space? Florida taps into an existing conversation regarding space, and it contributes a new approach by offering up the state as a network of both objective and personal meanings.','http://books.google.com/books/content?id=QasWEAAAQBAJ&printsec=frontcover&img=1&zoom=1&edge=curl&source=gbs_api','2026-03-15 06:59:35','QasWEAAAQBAJ',NULL,'Parlor Press LLC',2015,'Computers','NOT_MATURE','0.1.1.0.preview.2',275),(1170,'0996294120','Sea-Devil','Jessica Sherry','You never forget your first love. Or your first murder. Escaping her mistake-ridden past, smart and sassy book nerd Delilah Duffy returns to the island she adored as a child to reinvent herself as the manager of Beach Read, a local bookstore. With disturbing acts of vandalism following her every step, the message is clear—she’s not welcome. Tensions escalate when a chilling murder stains the floors of her bookstore on the eve of her grand opening, and she’s quickly pegged as the prime suspect. With questions left unanswered and suspicion high, even from her family, one person stands by her—local cop Sam Teague, her first love and most devastating heartbreak. His kindness and support are an unexpected lifeline if she can trust it. He helps her see her own potential, but she can’t forget the pain he once caused. He broke her heart once—she can’t let it happen again. With evidence mounting against her, Delilah must use her head and her heart to clear her name before the killer strikes again, even if it means confronting her past and trusting the one who left her broken.','http://books.google.com/books/content?id=jHezEAAAQBAJ&printsec=frontcover&img=1&zoom=1&edge=curl&source=gbs_api','2026-03-15 06:59:35','jHezEAAAQBAJ','A Delilah Duffy Mystery','Jessica Sherry',2015,'Fiction','NOT_MATURE','1.22.20.0.preview.3',360),(1171,'9781930006508','Rhoades To Reading Fourth Edition, Level I Teaching Guide','Jacqueline Rhoades','Reading program for 5th grade - adult students. Instruction level K-2.5. Includes 340 sight words, vowel and consonant sounds, sound blending, consonant-vowel consonant words, beginning and ending blends, silent e rule, three letter clusters, cursive handwriting, 115 activity sheets and 6 stories.','http://books.google.com/books/content?id=5zKAr4Z8ni4C&printsec=frontcover&img=1&zoom=1&edge=curl&source=gbs_api','2026-03-15 06:59:35','5zKAr4Z8ni4C',NULL,'The Reading Company',2004,'Language Arts & Disciplines','NOT_MATURE','1.9.13.0.preview.1',304),(1172,'1950654532','Beach Read Boxed Set','Marie Force','Welcome to this new Beach Read Boxed Set, containing nine of my single title contemporary romances, all of which have been reader favorites! Here you’ll find everything from steamy couples in Marfa, Texas, to an unlucky-in-love super model to a prominent doctor who falls in love with his best friend’s girlfriend to a woman putting her life back together after the death of her mother to a young couple separated by tragedy but brought back together by love. Each title offers a sizzling love story and a guaranteed happy ending. So get comfortable and be prepared to fall in love—nine times!','http://books.google.com/books/content?id=brUAEAAAQBAJ&printsec=frontcover&img=1&zoom=1&edge=curl&source=gbs_api','2026-03-15 06:59:35','brUAEAAAQBAJ',NULL,'HTJB, Inc.',2020,'Fiction','NOT_MATURE','1.2.2.0.preview.2',3001),(1173,NULL,'The Delilah Duffy Mystery Series Boxset','Jessica Sherry','Running a successful bookstore in a small seaside town can be murder! Meet Delilah Duffy. A gutsy but error-prone book nerd starting over as manager of Beach Read Books on the island she loved as a child and hoping to disappear into the anonymous folds of a small tourist town. But home to her flighty Duffy relatives and first love and heartbreak, Sam Teague, her second chance is no vacation. When a murder happens the night before her grand opening, Delilah must unravel the mystery to save herself and her business, propelling her into an unexpected role as an amateur sleuth. Follow Delilah’s puzzling cases in this five-book series as she battles murderers, arsonists, thieves, and her high anxiety in her ultimate quest for love, family, and a quiet beach life. Get the small-town mystery and romance series that readers describe as “funny,” “thrilling,” and “suspenseful.”','http://books.google.com/books/content?id=ysrfEAAAQBAJ&printsec=frontcover&img=1&zoom=1&edge=curl&source=gbs_api','2026-03-15 06:59:35','ysrfEAAAQBAJ',NULL,'Jessica Sherry',2023,'Fiction','NOT_MATURE','1.13.11.0.preview.2',1244),(1174,'0996294139','Luna-Sea: A Delilah Duffy Mystery','Jessica Sherry','We’re all just one pain away from lunacy. Book lover and amateur sleuth Delilah Duffy returns in her second thrilling adventure. With her bookstore open and her sweet romance with Sam deepening, Delilah’s finally won the quiet, small-town life she wants, or so it seems. Nothing’s easy, not with continued business woes and leftover trauma from her last case adding to the chaos. A fancy party at the luxurious Peacock Inn should be a pleasant distraction, but when the party takes an eerie turn, Delilah discovers another mystery – she thinks. Her anxiety disorder intensifies, and with no evidence to prove her claims, she can\'t be sure of anything. Even her relationship with Sam feels strained with secrets. Not one to back down from a challenge, Delilah’s desperate search for the truth soon lands her in trouble with a ruthless criminal ring. Danger lurks around every corner, and she must use all her wits to uncover the truth and take down the lunatic masterminding it all. With her business on the line and her romance with Sam at stake, will Delilah be able to solve the mystery in time, or will this be the end of the cozy life she\'s worked so hard to build? ⭐⭐⭐⭐⭐ “I loved Luna Sea! Delilah Duffy is such a great character, strong willed and smart. But her impulsive side is what keeps me interested! I love when she gets herself in trouble!” ⭐⭐⭐⭐⭐ “… if you like a light read with some humor, some fear, some violence and some sweet love, well, you have it all with this book.” ⭐⭐⭐⭐⭐ “It\'s also great to see a character who is fighting her personal demons and able to work through them with the help of a loving and supportive partner. I\'m really enjoying this series and can\'t wait for the next installment!”','http://books.google.com/books/content?id=NqOzEAAAQBAJ&printsec=frontcover&img=1&zoom=1&edge=curl&source=gbs_api','2026-03-15 06:59:35','NqOzEAAAQBAJ',NULL,'Jessica Sherry',2015,'Fiction','NOT_MATURE','0.18.19.0.preview.3',354),(1175,'1250256895','Hello, Summer','Mary Kay Andrews','New York Times bestselling author and Queen of the Beach Reads Mary Kay Andrews delivers her next blockbuster, Hello Summer. It’s a new season... Conley Hawkins left her family’s small town newspaper, The Silver Bay Beacon, in the rearview mirror years ago. Now a star reporter for a big-city paper, Conley is exactly where she wants to be and is about to take a fancy new position in Washington, D.C. Or so she thinks. For small town scandals... When the new job goes up in smoke, Conley finds herself right back where she started, working for her sister, who is trying to keep The Silver Bay Beacon afloat—and she doesn’t exactly have warm feelings for Conley. Soon she is given the unenviable task of overseeing the local gossip column, “Hello, Summer.” And big-time secrets. Then Conley witnesses an accident that ends in the death of a local congressman—a beloved war hero with a shady past. The more she digs into the story, the more dangerous it gets. As an old heartbreaker causes trouble and a new flame ignites, it soon looks like their sleepy beach town is the most scandalous hotspot of the summer.','http://books.google.com/books/content?id=LZmyDwAAQBAJ&printsec=frontcover&img=1&zoom=1&edge=curl&source=gbs_api','2026-03-15 06:59:35','LZmyDwAAQBAJ','A Novel','St. Martin\'s Press',2020,'Fiction','NOT_MATURE','1.16.15.0.preview.2',526),(1176,NULL,'Torreya',NULL,NULL,'http://books.google.com/books/content?id=a8gwAQAAMAAJ&printsec=frontcover&img=1&zoom=1&edge=curl&source=gbs_api','2026-03-15 06:59:35','a8gwAQAAMAAJ',NULL,NULL,1903,'Botany','NOT_MATURE','3.6.6.0.full.1',668),(1177,'1649377371','Fourth Wing','Rebecca Yarros','As war grows more deadly, Violet Sorrengail joins the elite Navarre: the dragon riders. But she\'ll need to keep her wits because once you enter the Basgiath War College, there are only two ways out: graduate or die.','http://books.google.com/books/content?id=kU8ZEQAAQBAJ&printsec=frontcover&img=1&zoom=1&source=gbs_api','2026-03-15 07:00:27','kU8ZEQAAQBAJ',NULL,'Entangled: Red Tower Books',2024,'Fiction','NOT_MATURE','preview-1.0.0',0),(1178,NULL,'Summary of Onyx Storm by Rebecca Yarros','Insight Reads Press ','DISCLAIMER: This is an unofficial summary and analysis guide. This is NOT the original book by Rebecca Yarros. For the complete original novel, please purchase \"Onyx Storm\" by Rebecca Yarros. Unlock the Secrets of Onyx Storm with This Comprehensive Summary Guide! Struggling to keep track of the epic twists, heart-wrenching character arcs, and complex world-building in Rebecca Yarros\'s Onyx Storm? This detailed summary guide is your ultimate companion to the third installment of the bestselling Empyrean series. What You\'ll Discover: ✅ Complete Chapter-by-Chapter Breakdown – Navigate the intricate plot from Violet\'s desperate quest to save Xaden to the shocking twelve-hour memory gap that changes everything ✅ In-Depth Character Analysis – Explore Violet Sorrengail\'s evolution from student to duchess, Xaden Riorson\'s tragic venin transformation, and the development of beloved supporting characters like Ridoc, Rhiannon, Sawyer, and more ✅ World-Building Explained – Understand the expansion beyond Basgiath War College to the mysterious southern isles, the seventh breed of dragons (irids), and the failing Aretian wards ✅ Central Themes & Symbolism – Discover the deeper meanings behind love and sacrifice, power and responsibility, trust and betrayal that drive this epic fantasy romance ✅ Writing Style Analysis – Learn what makes Rebecca Yarros\'s distinctive voice so compelling, from her emotive prose to her masterful pacing techniques ✅ Critical Analysis & Reader Reception – Get balanced perspectives on the book\'s strengths and weaknesses, comparisons to Fourth Wing and Iron Flame, and what critics are saying ✅ Fan Theories Explored – Dive into the most popular theories about Xaden\'s \"new brother,\" the Naolin-Berwyn connection, and what\'s coming in Book 4 ✅ What\'s Next for the Series – Prepare for the upcoming fourth book with insights into timeline expectations, confirmed plot points, and speculation about the series finale Perfect For: Readers who want to refresh their memory before Book 4 releases Book club members preparing for discussions Fans who need help understanding complex plot points and character relationships Busy readers who want to stay current with the series Anyone looking to deepen their appreciation of the Empyrean world This comprehensive guide includes: 7 detailed chapters covering every aspect of Onyx Storm Analysis of major plot points, character arcs, and thematic elements Comparisons to previous books in the series Exploration of symbolism and narrative techniques Reader reactions and critical reception The most popular fan theories and speculation Whether you\'ve just finished Onyx Storm and need help processing that devastating cliffhanger, or you\'re preparing to dive into the book and want a companion guide, this summary provides everything you need to fully appreciate Rebecca Yarros\'s epic fantasy romance. Discover why millions of readers are obsessed with the Empyrean series. Get your copy today and master the storm! IMPORTANT DISCLAIMER: This book is a summary, analysis, and companion guide created to enhance your understanding and appreciation of \"Onyx Storm\" by Rebecca Yarros. It is not affiliated with, authorized, or endorsed by Rebecca Yarros, her publishers, or any related entities. This is NOT a replacement for the original book. To experience the full story, characters, and Rebecca Yarros\'s complete narrative, please purchase the official \"Onyx Storm\" novel. All character names, places, and story elements are the property of Rebecca Yarros and her publishers. This guide is intended for educational and informational purposes only. Onyx Storm summary, Rebecca Yarros, Empyrean series, Fourth Wing series, dragon fantasy, fantasy romance summary, book analysis, Violet Sorrengail, Xaden Riorson, venin, book guide, companion guide, study guide, book club guide.','http://books.google.com/books/content?id=CZCTEQAAQBAJ&printsec=frontcover&img=1&zoom=1&edge=curl&source=gbs_api','2026-03-15 07:00:27','CZCTEQAAQBAJ','A Comprehensive Review and Analysis of the book','Insight Reads Press ',1970,'Fiction','NOT_MATURE','preview-1.0.0',78),(1179,NULL,'Regulations of the United States Naval Academy','United States Naval Academy',NULL,'http://books.google.com/books/content?id=c1Re7yS-fi0C&printsec=frontcover&img=1&zoom=1&edge=curl&source=gbs_api','2026-03-15 07:00:27','c1Re7yS-fi0C',NULL,NULL,1929,NULL,'NOT_MATURE','4.10.13.0.full.1',194),(1180,'1649376162','Untitled Red Tower 2023 Release',NULL,'New Red Tower Release Coming Soon!','http://books.google.com/books/content?id=pCrcEAAAQBAJ&printsec=frontcover&img=1&zoom=1&source=gbs_api','2026-03-15 07:00:27','pCrcEAAAQBAJ',NULL,'Entangled: Red Tower Books',2023,'Fiction','NOT_MATURE','preview-1.0.0',0),(1181,NULL,'Naval Aviation News',NULL,NULL,'http://books.google.com/books/content?id=fmRGAQAAMAAJ&printsec=frontcover&img=1&zoom=1&edge=curl&source=gbs_api','2026-03-15 07:00:27','fmRGAQAAMAAJ',NULL,NULL,1961,'Aeronautics, Military','NOT_MATURE','1.7.7.0.full.1',1084),(1182,'0231122993','The Mandate of Heaven','S. J. Marshall','The I Ching is one of the cornerstone texts of Chinese civilization and remains a tremendously popular book throughout the world. Scholars have increasingly dismissed the traditions surrounding the text, while many readers in both China and the West have been more willing to accept this divinatory work at face value. S. J. Marshall sets out to reconcile these opposing approaches.','http://books.google.com/books/content?id=QIS-AwAAQBAJ&printsec=frontcover&img=1&zoom=1&edge=curl&source=gbs_api','2026-03-15 07:00:27','QIS-AwAAQBAJ','Hidden History in the I Ching','Columbia University Press',2002,'History','NOT_MATURE','0.2.2.0.preview.1',272),(1183,NULL,'Russell Senate Office Building',NULL,NULL,'http://books.google.com/books/content?id=GMijz4t-stYC&printsec=frontcover&img=1&zoom=1&edge=curl&source=gbs_api','2026-03-15 07:00:27','GMijz4t-stYC','The First Century, 1909-2009',NULL,2009,'Government publications','NOT_MATURE','0.5.7.0.full.1',36),(1184,NULL,'Hearings on Military Posture and H.R. 12564, Department of Defense Authorization for Appropriations for Fiscal Year 1975','United States. Congress. House. Committee on Armed Services',NULL,'http://books.google.com/books/content?id=ACwK62RO9xEC&printsec=frontcover&img=1&zoom=1&edge=curl&source=gbs_api','2026-03-15 07:00:27','ACwK62RO9xEC','Ninety-third Congress, Second Session',NULL,1974,'United States','NOT_MATURE','0.2.2.0.full.1',1918),(1185,NULL,'State of New York Supreme Court Appellate Division Fourth Department',NULL,NULL,'http://books.google.com/books/content?id=EwXe4XPwKA0C&printsec=frontcover&img=1&zoom=1&edge=curl&source=gbs_api','2026-03-15 07:00:28','EwXe4XPwKA0C',NULL,NULL,1970,NULL,'NOT_MATURE','0.6.7.0.full.1',1416),(1186,'0593972708','Alchemised','SenLinYu','#1 NEW YORK TIMES BESTSELLER • In this riveting dark fantasy debut, a woman with missing memories fights to survive a war-torn world of necromancy and alchemy—and the man tasked with unearthing the deepest secrets of her past. This stunning hardcover edition features a deluxe jacket with gold foil on the front and a full-color illustration on the reverse, gorgeous designed endpapers, a gold foil case stamp, and, from acclaimed artist Avendell, a black-and-white interior illustration. “What is it you think you’re protecting in that brain of yours? The war is over. Holdfast is dead. The Eternal Flame extinguished. There’s no one left for you to save.” Once a promising alchemist, Helena Marino is now a prisoner—of war and of her own mind. Her Resistance friends and allies have been brutally murdered, her abilities suppressed, and the world she knew destroyed. In the aftermath of a long war, Paladia’s new ruling class of corrupt guild families and depraved necromancers, whose vile undead creatures helped bring about their victory, holds Helena captive. According to Resistance records, she was a healer of little importance within their ranks. But Helena has inexplicable memory loss of the months leading up to her capture, making her enemies wonder: Is she truly as insignificant as she appears, or are her lost memories hiding some vital piece of the Resistance’s final gambit? To uncover the memories buried deep within her mind, Helena is sent to the High Reeve, one of the most powerful and ruthless necromancers in this new world. Trapped on his crumbling estate, Helena’s fight—to protect her lost history and to preserve the last remaining shreds of her former self—is just beginning. For her prison and captor have secrets of their own . . . secrets Helena must unearth, whatever the cost.','http://books.google.com/books/content?id=y0Y_EQAAQBAJ&printsec=frontcover&img=1&zoom=1&edge=curl&source=gbs_api','2026-03-15 07:00:51','y0Y_EQAAQBAJ',NULL,'Random House',2025,'Fiction','NOT_MATURE','1.2.1.0.preview.1',1041),(1187,'8831818384','Alchemised','SenLin Yu','In un mondo intriso di negromanzia e alchimia devastato dalla guerra, una donna senza ricordi combatte per la propria sopravvivenza contro chi vuole portare alla luce i segreti più profondi del suo passato. Un tempo brillante alchimista, Helena Marino è ora una prigioniera di guerra, intrappolata dai suoi carcerieri, ma anche dalla sua stessa mente. I suoi amici e compagni della Resistenza sono stati brutalmente assassinati, le sue abilità annientate e il mondo che conosceva ridotto in cenere. Ora, all\'indomani della lunga guerra, Helena è nelle mani della nuova classe dirigente di Paladia: potenti famiglie di gilde corrotte e spietati negromanti, vittoriosi grazie alla creazione di orrende creature non-morte. Secondo gli archivi della Resistenza, Helena era una guaritrice di scarsa importanza. Tuttavia la sua inspiegabile perdita di memoria nei mesi precedenti la cattura solleva un dubbio inquietante tra i suoi nemici: è davvero così insignificante come sembra, o nei ricordi sepolti della sua mente si nasconde l\'ultima, vitale mossa della Resistenza? Per scoprirlo, Helena viene affidata all\'Alto Reeve, uno dei negromanti più potenti e temuti del nuovo regime. Chiusa nella sua tenuta decadente, dovrà lottare per proteggere la verità e conservare ciò che resta di sé. Ma la sua prigione e il suo aguzzino celano oscuri segreti... segreti che Helena dovrà svelare, a qualunque costo.','http://books.google.com/books/content?id=cJJIEQAAQBAJ&printsec=frontcover&img=1&zoom=1&edge=curl&source=gbs_api','2026-03-15 07:00:51','cJJIEQAAQBAJ',NULL,'Rizzoli',2025,'Fiction','NOT_MATURE','1.6.6.0.preview.3',1040),(1188,NULL,'THE STORY BEHIND THE ALCHEMISED','JAKE BOLOWSKI ','Before you return to Paladia, discover the alchemy that created it. ​Millions have read the story. Now, learn the truth of the legend. ​When Alchemised shattered every record in the publishing world, it left readers with one burning question: Who is SenLinYu? ​In The Story Behind The Alchemised, Jake Bolowski delivers a gripping, novel-styled deep dive into the extraordinary rise of a writer who stayed in the shadows while their words conquered the light. From the rain-drenched forests of Portland to the high-stakes boardrooms of Hollywood, this is the unauthorized account of how a digital ghost became a literary titan. ​Why every fan of the Alchemist needs this biography: ​The Secret History: Discover the real-world inspirations behind the High Reeve and the harrowing magic of Vivimancy. ​The Impossible Journey: How a masterpiece was tapped out on a smartphone in the quiet moments of motherhood, long before the million-dollar deals. ​The Pro-Fiction Revolution: Go inside the movement that changed how we read dark romance and why SenLinYu became its accidental leader. ​The \"Jade Forest\" Exposed: A look at the private philosophy of an author who refuses to be a celebrity, choosing instead to let the work speak for itself. ​Whether you are about to open Alchemised for the first time or you have already memorized every word of Helena and Kaine’s journey, this biography is the essential companion. It is a story of grit, secrecy, and the alchemical process of turning leaden reality into golden fiction. ​The legend is written. The secrets are here.','http://books.google.com/books/content?id=RdLBEQAAQBAJ&printsec=frontcover&img=1&zoom=1&edge=curl&source=gbs_api','2026-03-15 07:00:51','RdLBEQAAQBAJ','AN UNAUTHORIZED NOVEL-STYLED BIOGRAPHY OF SENLINYU','NEWA PUBLISHING COMPANY ',2026,'Biography & Autobiography','NOT_MATURE','preview-1.0.0',49),(1189,'292528261X','Great Dictionary of Atomic Typographic Errors in English. I. Substitution of a Single Letter by Contiguity. Canadian Multilingual Standard. I.1 A-F','Cornéliu Tocan','(21923 lemmata – 26124 Atomic Typographical Errors – 114 pages)','http://books.google.com/books/content?id=22ukEAAAQBAJ&printsec=frontcover&img=1&zoom=1&edge=curl&source=gbs_api','2026-03-15 07:00:51','22ukEAAAQBAJ',NULL,'Créatique',2023,'Reference','NOT_MATURE','0.2.1.0.preview.1',115),(1190,NULL,'Alchemised: No Queda Nadie a Quien Salvar (Spanish Edition)','SenLinYu','En este debut fascinante de dark fantasy, una mujer sin memoria lucha por sobrevivir en un mundo de nigromancia y alquimia devastado por la guerra, mientras se enfrenta con el hombre encargado de desenterrar los secretos más oscuros de su pasado. -¿Qué crees que está protegiendo ese cerebro que tienes? La guerra ha acabado. Holdfast está muerto. La Llama Eterna se ha extinguido. No queda nadie a quien salvar. Helena Marino, alquimista prometedora en el pasado, es ahora una prisionera, de la guerra y de su propia mente. Sus amigos y aliados de la Resistencia han sido brutalmente asesinados, sus habilidades, reprimidas, y el mundo que conocía, destrozado. Tras una larga guerra, la nueva clase dirigente de Paladia, familias corruptas del gremio y nigromantes depravados, cuyos infames no muertos fueron clave para otorgarles la victoria, mantienen cautiva a Helena. Según los registros de la Resistencia, era una curandera insignificante de sus filas. Pero Helena sufre una inexplicable pérdida de memoria que le ha hecho olvidar los meses previos a su cautiverio y que les hace preguntarse a sus enemigos: ¿De verdad es tan insignificante como parece o su pérdida de memoria esconde alguna pieza clave sobre la última táctica de la Resistencia? Para descubrir los recuerdos enterrados en el fondo de su mente, envían a Helena al Inquisidor Supremo, uno de los nigromantes más poderosos y despiadados de este nuevo mundo. Atrapada en su mansión derruida, la lucha de Helena por proteger su historia perdida y preservar los últimos vestigios de la persona que era apenas ha comenzado, pues su cárcel y carcelero esconden sus propios secretos... Secretos que Helena debe desvelar, cueste lo que cueste. ENGLISH DESCRIPTION In this riveting dark fantasy debut, a woman with missing memories fights to survive a war-torn world of necromancy and alchemy--and the man tasked with unearthing the deepest secrets of her past. Once a promising alchemist, Helena Marino is now a prisoner--of war and of her own mind. Her Resistance friends and allies have been brutally murdered, her abilities suppressed, and the world she knew destroyed. In the aftermath of a long war, Paladia\'s new ruling class of corrupt guild families and depraved necromancers whose vile, undead creatures helped bring about their victory, holds Helena captive. According to Resistance records, she was a healer of little importance within their ranks. But Helena has inexplicable memory loss of the months leading up to her capture, making her enemies wonder: Is she truly as insignificant as she appears, or are her lost memories hiding some vital piece of the Resistance\'s final gambit? To uncover the memories buried deep within her mind, Helena is sent to the High Reeve, one of the most powerful and ruthless necromancers in this new world. Trapped on his crumbling estate, Helena\'s fight--to protect her lost history and to preserve the last remaining shreds of her former self--is just beginning. For her prison and captor have secrets of their own . . . secrets Helena must unearth, whatever the cost.','http://books.google.com/books/content?id=64dn0QEACAAJ&printsec=frontcover&img=1&zoom=1&source=gbs_api','2026-03-15 07:00:51','64dn0QEACAAJ',NULL,'Montena',2025,'Fiction','NOT_MATURE','preview-1.0.0',0),(1191,'9783989780279','Alchemised English Edition','SenLinYu',NULL,NULL,'2026-03-15 07:00:51','tdCt0QEACAAJ','The Global Fantasy Sensation with Sprayed Edges',NULL,2025,NULL,'NOT_MATURE','preview-1.0.0',0),(1192,'1405969687','Alchemised','SenLinYu','***The record-breaking debut and instant Sunday Times Bestseller*** ‘A work of quite staggering ambition. Detailed world-building, intricate plot, Gothic claustrophobia, wraps the readers in its dark embrace’ Daily Mail \'Very readable\' Guardian In a world ruled by necromancers, a woman with missing memories threatens the dark order that keeps her captive - and the man sent to break her. Gothic in tone, epic in scope - this debut is destined to become a modern classic. Once a promising alchemist, Helena Marino is now a prisoner – of war and of her own fractured mind. The Resistance is crushed, her allies dead, her abilities suppressed. The world she knew is gone. Paladia’s corrupt guild families and their necromancer overlords, aided by vile undead creatures now rule - and hold Helena captive. Resistance records claim she was a healer of little importance. Yet, Helena’s inexplicable memory loss makes her enemies wonder: Is she truly insignificant, or do her missing memories conceal the Resistance’s final secret? To uncover the truth, Helena is delivered into the hands of the High Reeve – Paladia’s most feared and merciless necromancer. Trapped on his crumbling estate, she must fight to protect what remains of herself and unearth the secrets buried in her mind, her prison, and her captor . . . whatever the cost. ‘A superb dark fantasy novel set in a war torn world of black magic and alchemy’ Sun','http://books.google.com/books/content?id=rbg3EQAAQBAJ&printsec=frontcover&img=1&zoom=1&source=gbs_api','2026-03-15 07:00:51','rbg3EQAAQBAJ','The 2025 debut novel phenomenon everyone is talking about and no one can put down','Random House',2025,'Fiction','NOT_MATURE','1.3.3.0.preview.2',1039),(1193,'191239202X','The Complete Dramatic Works of Tang Xianzu','Tang Xianzu','Tang Xianzu (1550–1616) is acclaimed as the \'Shakespeare of the East\' and widely regarded as China\'s greatest playwright, yet his work has not reached Western readers in its entirety. The Complete Dramatic Works of Tang Xianzu represents a literary landmark: this is the first English-language collection of the revered dramatist\'s most important works to be made available outside China. Translated over two decades, the collection showcases the playwright\'s major pieces, including The Purple Flute, The Purple Hairpins, The Nanke Dream, The Handan Dream – and The Peony Pavilion. The Peony Pavilion is the playwright\'s most celebrated work and has drawn comparisons to Homer\'s Odyssey, Virgil\'s Aeneid, Dante\'s Divine Comedy and John Milton\'s Paradise Lost. Known for his lyrical use of metaphor, Tang Xianzu weaves the beauty of nature with the tragedy of emotion. His plays offer an extensive exploration of love, and remain at the heart of Chinese culture. This important collection represents an opportunity for a wider audience to discover the profound and poetic works of this classic playwright.','http://books.google.com/books/content?id=AqpHDwAAQBAJ&printsec=frontcover&img=1&zoom=1&edge=curl&source=gbs_api','2026-03-15 07:00:51','AqpHDwAAQBAJ',NULL,'Bloomsbury Publishing',2018,'Performing Arts','NOT_MATURE','1.2.2.0.preview.1',1068),(1194,NULL,'100 Best Books of 2025 Summaries: Complete Reading Guide','Insight Reads Press','Discover Every Must-Read Book of 2025 — Without Reading 60,000+ Pages Are you drowning in \"must-read\" book recommendations? Struggling to keep up with 2025\'s bestselling books, award winners, and viral book club picks? You\'re not alone. Over 300,000 books published this year. Only 100 truly matter. \"100 Best Books of 2025 Summaries\" is your literary GPS through the year\'s most acclaimed releases. This isn\'t just another list—it\'s a comprehensive book summaries collection that makes you feel like you\'ve actually read each book, complete with themes, character insights, critical reception, and cultural impact. 📚 What Makes This the Ultimate 2025 Reading Guide? Comprehensive Coverage Across 8 Major Genres: LITERARY FICTION (Books 1-15) From Percival Everett\'s Pulitzer Prize-winning On James to Sally Rooney\'s intimate Intermezzo, discover the novels critics are calling \"essential\" and \"transformative.\" Each summary captures emotional depth, thematic complexity, and why these books matter now. MYSTERY & THRILLER (Books 16-40) The year\'s most addictive page-turners—from Miranda July\'s genre-bending All Fours to Riley Sager\'s twisty Middle of the Night. Get the suspense, the reveals, and the satisfaction without the sleepless nights. SCIENCE & NATURE (Books 41-55) Understand 2025\'s biggest ideas through bestselling books from Jonathan Haidt (The Anxious Generation), Yuval Noah Harari (Nexus), and Erik Larson (The Demon of Unrest). Complex concepts made accessible. SCIENCE FICTION & FANTASY (Books 56-70) Suzanne Collins returns with Sunrise on the Reaping. Rebecca Yarros breaks records with Onyx Storm. R.F. Kuang reimagines dark academia. Get every world-building detail and emotional beat. ROMANCE (Books 71-78) 2025\'s swoon-worthy bestsellers including Emily Henry, Ali Hazelwood, Taylor Jenkins Reid, and more. Experience the chemistry, the angst, and the happily-ever-afters that dominated BookTok. HISTORICAL FICTION (Books 79-85) Journey through time with Pulitzer winners, literary masters, and debut sensations exploring pivotal moments in American and world history. MEMOIR & BIOGRAPHY (Books 86-93) From Sophie Elmhirst\'s A Marriage at Sea to Ron Chernow\'s definitive Mark Twain, meet the real people whose stories captivated millions in 2025. NONFICTION & ESSAYS (Books 94-100) The big ideas shaping our world—constitutional history, environmental rights, AI ethics, and cultural commentary from today\'s leading thinkers. ⭐ Why Readers Love This Book Summaries Guide \"Better than reading the actual books!\" Each summary is crafted to capture not just plot, but emotional resonance, critical reception, and cultural significance. You\'ll understand WHY each book matters, not just WHAT happens. \"Perfect for book clubs!\" Includes thoughtfully curated discussion questions for each section PLUS specific questions for standout titles. Come prepared to every meeting. \"Saved me hundreds of hours\" Stay informed about literary conversations without the time commitment. Each summary takes 5-7 minutes to read vs. 5-7 hours per book. \"Professional and engaging\" Written in a conversational yet insightful tone by someone who genuinely loves these books. No AI-generated fluff—just smart, engaging analysis. 🎯 Who This Book Is For ✔️ Busy readers who want to stay culturally literate ✔️ Book club organizers seeking discussion-worthy selections ✔️ Students & educators building comprehensive reading lists ✔️ Writers studying contemporary literary trends ✔️ Gift-givers looking for the perfect present for book lovers ✔️ Anyone who feels FOMO about not reading enough 📖 What\'s Inside 100 DETAILED BOOK SUMMARIES Each summary covering: Complete plot/subject overview Character development & themes Critical reception & awards Cultural impact & relevance Why it matters in 2025 Who will love it most BONUS MATERIALS: Reading Group Discussion Questions (50+ thought-provoking prompts) Complete Genre Index (find books by category instantly) Author Index (discover more by your favorite writers) Cross-References (find similar books you\'ll love) 🏆 Featured Award Winners & Bestsellers Pulitzer Prize Winners ✓ National Book Award Winners ✓ Booker Prize Finalists ✓ New York Times #1 Bestsellers ✓ Goodreads Choice Award Winners ✓ Barack Obama\'s Favorite Books ✓ Reese\'s Book Club Picks ✓ Oprah\'s Book Club Selections ✓ 💡 How This Book Saves You Time & Money TIME SAVED: 400+ hours of reading MONEY SAVED: $1,500+ if buying all 100 books STRESS REDUCED: No more decision paralysis at the bookstore CONFIDENCE GAINED: Speak intelligently about 2025\'s biggest books 📱 Perfect for Digital & Audio Reading Searchable & Navigable — Find any book instantly Mobile-Friendly Formatting — Read on any device Audio-Optimized — Listen while commuting Bookmark & Highlight — Mark your next reads 🎁 The Perfect Gift for Book Lovers Know someone who: Has a towering TBR pile? Runs or joins a book club? Majors in literature or education? Constantly asks \"What should I read next?\" Posts about books on social media? This is their dream gift. ⚡ Start Your 2025 Reading Journey Today Don\'t let another year pass feeling behind on the literary conversation. Whether you\'re: Choosing your next book club selection Building a comprehensive reading list Staying current in literary culture Making smarter book-buying decisions Simply exploring new book recommendations This guide has everything you need. 100 books. 8 genres. Every major award. All the bestsellers. Your complete 2025 reading companion is here.','http://books.google.com/books/content?id=3NStEQAAQBAJ&printsec=frontcover&img=1&zoom=1&edge=curl&source=gbs_api','2026-03-15 07:00:51','3NStEQAAQBAJ','Essential Book Summaries & Reviews of 2025\'s Must-Read Books, Bestsellers & Award Winners Across All Genres','Hafsat Nura',1970,'Fiction','NOT_MATURE','1.1.1.0.preview.3',402),(1195,'1639369406','Going Nuclear','Tim Gregory','A bold, provocative, and knowledgable case for the importance of nuclear science and how nuclear power is essential to reaching net zero. What if net zero is not an environmental challenge, but an energy challenge? In this visionary book, Dr. Tim Gregory challenges prevailing narratives around climate change, arguing that the goal of net zero is not simply to replace fossil fuels with renewables, but to power civilisation using sources of energy that do not emit carbon dioxide. He unequivocally shows that only one emissions-free energy source can rise to that challenge: nuclear power Going Nuclear calls for decarbonisation to be the twenty-first century\'s Apollo programme, illuminating the far-reaching potential of the atom beyond clean energy to advanced medicine, forensics, atomic gardening and interplanetary exploration. By interweaving scientific optimism, myth-busting data and ambitious policy, Gregory offers an alternative nuclear future that can meet the shared goal of environmental stewardship and continued human progress.','http://books.google.com/books/content?id=kNQnEQAAQBAJ&printsec=frontcover&img=1&zoom=1&edge=curl&source=gbs_api','2026-03-15 07:00:51','kNQnEQAAQBAJ','How Atomic Energy Will Save the World','Simon and Schuster',2025,'Science','NOT_MATURE','1.2.2.0.preview.2',291),(1196,'1488051240','Heated Rivalry','Rachel Reid','“Sexy, hot, funny and sweet, Heated Rivalry is a game changer in sexy sports romance.” —All About Romance Nothing interferes with Shane Hollander’s game—definitely not the sexy rival he loves to hate. Pro hockey star Shane Hollander isn’t just crazy talented, he’s got a spotless reputation. Hockey is his life. Now that he’s captain of the Montreal Voyageurs, he won’t let anything jeopardize that, especially the sexy Russian whose hard body keeps him awake at night. Boston Bears captain Ilya Rozanov is everything Shane’s not. The self-proclaimed king of the ice, he’s as cocky as he is talented. No one can beat him—except Shane. They’ve made a career on their legendary rivalry, but when the skates come off, the heat between them is undeniable. When Ilya realizes he wants more than a few secret hookups, he knows he must walk away. The risk is too great. As their attraction intensifies, they struggle to keep their relationship out of the public eye. If the truth comes out, it could ruin them both. But when their need for each other rivals their ambition on the ice, secrecy is no longer an option. USA TODAY bestselling author Rachel Reid Game Changers Book 1: Game Changer Book 2: Heated Rivalry Book 3: Tough Guy Book 4: Common Goal Book 5: Role Model Book 6: The Long Game','http://books.google.com/books/content?id=gZFtDwAAQBAJ&printsec=frontcover&img=1&zoom=1&edge=curl&source=gbs_api','2026-03-17 19:50:18','gZFtDwAAQBAJ',NULL,'Carina Press',2019,'Fiction','MATURE','1.13.13.0.preview.2',356),(1197,NULL,'Heated Rivalry','Lila Thompson','L\'histoire d\'amour passionnée et épique de Rachel Reid, sur le thème du hockey, où deux ennemis deviennent amants. Disponible en streaming sur Crave au Canada et sur HBO Max aux États-Unis. « Le livre qui m\'a fait découvrir les romances sur le hockey. » — NPR Weekend Edition Rien ne perturbe le jeu de Shane Hollander, star du hockey professionnel. Maintenant qu\'il est capitaine des Voyageurs de Montréal, rien ne le discréditera, et surtout pas son rival sexy qu\'il adore détester. Ilya Rozanov, capitaine des Bears de Boston, est tout le contraire de Shane. Autoproclamé roi de la glace, il est aussi arrogant que talentueux. Personne ne peut le battre, sauf Shane. En public, ils sont ennemis. En privé, ils ne peuvent s\'empêcher de se toucher. La meilleure chose à faire ? Prendre ses distances, lorsque quelques rencontres secrètes se transforment en une lutte acharnée pour préserver leur relation des médias. La vérité pourrait les détruire tous les deux. Mais pour Shane et Ilya, le secret n\'est bientôt plus une option…','http://books.google.com/books/content?id=geKkEQAAQBAJ&printsec=frontcover&img=1&zoom=1&edge=curl&source=gbs_api','2026-03-17 19:50:18','geKkEQAAQBAJ','en francais (Updated)','Dapen Pubs',2025,'Fiction','MATURE','0.3.3.0.preview.3',575),(1198,'9062229352','Heated rivalry','Rachel Reid','Het boek bij de geweldige serie, een wereldwijd fenomeen! Shane Hollander is een waanzinnig getalenteerde ijshockeyer met een onberispelijke reputatie. Als aanvoerder van de Montreal Voyageurs is hij maar met één ding bezig: winnen. Maar juist zijn grootste rivaal brengt hem van zijn stuk: de aanvoerder van de Boston Bears, Ilya Rozanov. Ilya is totaal anders dan Shane. Hij is even arrogant als getalenteerd en niemand kan hem verslaan op het ijs. Niemand – behalve Shane. Op het ijs zijn ze legendarische rivalen, maar ze kunnen de aantrekkingskracht die ze voelen niet ontkennen. Wat begint als een paar stiekeme ontmoetingen wordt al snel gevaarlijk. Als hun geheim uitkomt, kan dat het einde van hun carrière betekenen. Heated rivalry is nu geweldig verfilmd en te zien op HBO Max, met Connor Storrie en Hudson Williams in de hoofdrol. Het boek maakt deel uit van de Game Changers-serie van Rachel Reid. Die serie begint met het boek Game changer, maar dat boek hoef je niet gelezen te hebben om aan Heated rivalry te kunnen beginnen. Alle boeken zijn losstaande delen.','http://books.google.com/books/content?id=4re5EQAAQBAJ&printsec=frontcover&img=1&zoom=1&edge=curl&source=gbs_api','2026-03-17 19:50:18','4re5EQAAQBAJ',NULL,'Singel Uitgeverijen',2026,'Fiction','MATURE','1.3.3.0.preview.3',368),(1199,NULL,'Heated Rivalry','Lila Thompson','El épico romance de hockey entre enemigos y amantes de Rachel Reid, disponible en Crave en Canadá y en HBO Max en EE. UU. \"El libro que me introdujo al mundo del hockey romántico.\" —Edición de fin de semana de NPR Nada interfiere con el juego de la estrella profesional del hockey Shane Hollander. Ahora que es capitán de los Montreal Voyageurs, no permitirá que nada lo arruine; definitivamente no es el rival atractivo que ama odiar. El capitán de los Boston Bears, Ilya Rozanov, es todo lo que Shane no es. El autoproclamado rey del hielo, es tan arrogante como talentoso. Nadie puede vencerlo, excepto Shane. En público, son enemigos. En privado, no pueden dejar de tocarse. ¿Lo más inteligente? Alejarse, una vez que algunos encuentros secretos se convierten en una lucha para mantener su relación fuera de la prensa. La verdad podría arruinarlos a ambos. Pero para Shane e Ilya, el secretismo pronto deja de ser una opción...','http://books.google.com/books/content?id=Y-KkEQAAQBAJ&printsec=frontcover&img=1&zoom=1&edge=curl&source=gbs_api','2026-03-17 19:50:18','Y-KkEQAAQBAJ','en Espanol (Updated)','Dapen Pubs',2025,'Fiction','MATURE','0.2.2.0.preview.3',573),(1200,'1038979897','Heated Rivalry','Rachel Reid','Based on Rachel Reid\'s bestselling Game Changers book series, Heated Rivalry is now streaming in Australia on HBO Max and Sky in New Zealand. The epic enemies-to-lovers hockey romance from USA TODAY bestselling author Rachel Reid. Nothing interferes with pro hockey star Shane Hollander\'s game. Now that he\'s captain of the Montreal Voyageurs, he won\'t let anything jeopardize that-definitely not the sexy rival he loves to hate. Boston Bears captain Ilya Rozanov is everything Shane\'s not. The self-proclaimed king of the ice, he\'s as cocky as he is talented. No one can beat him-except Shane. Publicly, they\'re enemies. Privately, they can\'t stop touching each other. The smart thing to do? Walk away, once a few secret hookups turn into a struggle to keep their relationship out of the press. The truth could ruin them both. But for Shane and Ilya, secrecy is soon no longer an option... Game Changers Book 1: Game Changer Book 2: Heated Rivalry Book 3: Tough Guy Book 4: Common Goal Book 5: Role Model Book 6: The Long Game','http://books.google.com/books/content?id=yIqbEQAAQBAJ&printsec=frontcover&img=1&zoom=1&source=gbs_api','2026-03-17 19:50:18','yIqbEQAAQBAJ','A Spicy Gay Hockey Romance','HarperCollins Australia',2025,'Fiction','MATURE','1.1.1.0.preview.2',376),(1201,NULL,'The Independent','Leonard Bacon',NULL,'http://books.google.com/books/content?id=N8lZAAAAYAAJ&printsec=frontcover&img=1&zoom=1&edge=curl&source=gbs_api','2026-03-17 19:50:18','N8lZAAAAYAAJ',NULL,NULL,1910,NULL,'NOT_MATURE','0.11.10.0.full.1',794),(1202,NULL,'The American Historical Review','John Franklin Jameson','American Historical Review is the oldest scholarly journal of history in the United States and the largest in the world. Published by the American Historical Association, it covers all areas of historical research.','http://books.google.com/books/content?id=4JILAAAAIAAJ&printsec=frontcover&img=1&zoom=1&edge=curl&source=gbs_api','2026-03-17 19:50:18','4JILAAAAIAAJ',NULL,NULL,1914,'History','NOT_MATURE','0.10.12.0.full.1',1000),(1203,NULL,'Industrial Democracy','Sidney Webb',NULL,'http://books.google.com/books/content?id=P1w_AQAAMAAJ&printsec=frontcover&img=1&zoom=1&edge=curl&source=gbs_api','2026-03-17 19:50:18','P1w_AQAAMAAJ',NULL,NULL,1913,'Labor unions','NOT_MATURE','0.6.6.0.full.1',1038),(1204,NULL,'The North American Review','James Russell Lowell','Vols. 227-230, no. 2 include: Stuff and nonsense, v. 5-6, no. 8, Jan. 1929-Aug. 1930.','http://books.google.com/books/content?id=C97ioR-jW-gC&printsec=frontcover&img=1&zoom=1&edge=curl&source=gbs_api','2026-03-17 19:50:18','C97ioR-jW-gC',NULL,NULL,1907,'North American review and miscellaneous journal','NOT_MATURE','0.2.1.0.full.1',696),(1205,NULL,'The Outlook','Lyman Abbott',NULL,'http://books.google.com/books/content?id=A2IcAQAAIAAJ&printsec=frontcover&img=1&zoom=1&edge=curl&source=gbs_api','2026-03-17 19:50:18','A2IcAQAAIAAJ',NULL,NULL,1912,'United States','NOT_MATURE','0.11.12.0.full.1',1082),(1206,'030740921X','The Game-Changer','A. G. Lafley','How you can increase and sustain organic revenue and profit growth . . . whether you’re running an entire company or in your first management job. Over the past seven years, Procter & Gamble has tripled profits; significantly improved organic revenue growth, cash flow, and operating margins; and averaged earnings per share growth of 12 percent. How? A. G. Lafley and his leadership team have integrated innovation into everything P&G does and created new customers and new markets. Through eye-opening stories A. G. Lafley and Ram Charan show how P&G and companies such as Honeywell, Nokia, LEGO, GE, HP, and DuPont have become game-changers. Their inspiring lessons can help you learn how to: • Make consumers and customers the boss, not the CEO or the management team • Innovate to grow a mature business • Develop higher growth, higher margin businesses • Create new customers and new markets • Revitalize a business model • Reach outside your own business and tap into the abundant brainpower and creativity of the world • Integrate innovation into the mainstream of your managerial decision making • Manage risk • Become a leader of innovation We live in a world of unprecedented change, increasing global competitiveness, and the very real threat of commoditization. Innovation in this world is the best way to win—arguably the only way to really win. Innovation is not a separate, discrete activity but the job of everyone in a leadership position and the integral, central driving force for any business that wants to grow organically and succeed on a sustained basis. This is a game-changing book that helps you redefine your leadership and improve your management game.','http://books.google.com/books/content?id=1zkDJt6w0_gC&printsec=frontcover&img=1&zoom=1&edge=curl&source=gbs_api','2026-03-17 19:51:40','1zkDJt6w0_gC','How You Can Drive Revenue and Profit Growth with Innovation','Crown Currency',2008,'Business & Economics','NOT_MATURE','0.8.6.0.preview.3',352),(1207,'0730307662','The Game Changer','Jason Fox','Use the science of motivation with the power of game design to unlock motivation and drive progress in your organisation. There are two conventional ways to approach motivation: set goals and try to change attitudes and beliefs (which takes a lot of personalised effort); or develop incentives and rewards to inspire effort (which takes a lot of money). This book shows you how to take a third new approach – designing the work itself to be inherently motivating. Combining the best elements of three distinct fields—motivational science, game design, and agile management—this book shows you how to positively influence behaviour through better work and project design. This game changing book: Gives you a refreshing science-based approach to the classic challenge of motivation in the workplace Is ideal for any leader or manager looking to take their workplace culture in a new direction Includes practical advice for creating highly productive, motivated and innovative teams Is written by a motivation strategy and design expert who consults on leadership and change management to a wide range of clients – from the executives of multinational organisations, through to the directors of switched-on startups. The Game Changer will show you how to unlock creative, productive and collaborative work. It is the perfect resource for forward-thinking leaders in organisations and teams focused on crafting a work culture that gets the best out of their people.','http://books.google.com/books/content?id=XcGnAgAAQBAJ&printsec=frontcover&img=1&zoom=1&edge=curl&source=gbs_api','2026-03-17 19:51:41','XcGnAgAAQBAJ','How to Use the Science of Motivation With the Power of Game Design to Shift Behaviour, Shape Culture and Make Clever Happen','John Wiley & Sons',2014,'Business & Economics','NOT_MATURE','1.3.4.0.preview.3',213),(1208,'1394190581','Game Changer','Jean-Manuel Izaret','The right pricing strategy can change the entire trajectory of a business, a market, and even society at large. To help you create your best pricing strategy efficiently and confidently, two leaders from BCG are introducing fresh perspectives on pricing that take you far beyond the realm of mind-numbing numbers. In their new book Game Changer: How Strategic Pricing Shapes Businesses, Markets, and Society, Jean-Manuel Izaret and Arnab Sinha simplify and clarify pricing strategy by integrating its many frameworks and concepts into seven distinct pricing games, each with its own proven tools, rules, forces, and structures. To help you pick the right game and play it well, Izaret and Sinha have developed the Strategic Pricing Hexagon, a tool refined through years of testing, iteration, and adaptation. The Hexagon is your portal to a business world where stronger growth and better financial performance come from a set of strategic pricing decisions, not endless myopic quests for optimal prices. But more than that, the Hexagon will change the way you think about and talk about pricing. The current conversation around pricing – as expressed through economics textbooks, Excel spreadsheets, political discourse, and educated guesswork – makes it easy to believe that pricing is nothing more than a technical, tactical and, for most people, boring game of numbers. Game Changer changes that conversation bysharing stories and research that bring the Hexagon and its seven pricing games to life. With research from BCG’s Bruce Henderson Institute and real-world examples from the world\'s most influential companies, the authors and their colleagues at BCG define pricing strategy as a business leader’s or business owner’s conscious decisions about how money flows in their market. They show how companies succeed in the long term when they focus on collaborative growth and value sharing with customers, not zero-sum value extraction from them. Discover how you can create and implement a winning pricing strategy that changes the trajectory of your business, your market, and even society.','http://books.google.com/books/content?id=NHrSEAAAQBAJ&printsec=frontcover&img=1&zoom=1&edge=curl&source=gbs_api','2026-03-17 19:51:41','NHrSEAAAQBAJ','How Strategic Pricing Shapes Businesses, Markets, and Society','John Wiley & Sons',2023,'Business & Economics','NOT_MATURE','0.4.2.0.preview.1',439),(1209,'9780578736280','Game Changers','Paul Marc Goulet','Have you ever thought about the game-changers in your life, family, or city? It could be your fourth grade teacher that saw your gift in math or the arts. It might have been your hockey coach who told you that you had leadership potential. Maybe you\'ve even been a game-changer in someone\'s life. Game changers come in small and large packages. The purpose of this small book is to place this subject on the kitchen table and unwrap it. Is it possible to become a game-changer accidentally? Or can we transform our minds and expectations? Could we all come to a point of hunger and call out to God: I want to change and I want to change the lives of others.','http://books.google.com/books/content?id=PqbUzQEACAAJ&printsec=frontcover&img=1&zoom=1&source=gbs_api','2026-03-17 19:51:41','PqbUzQEACAAJ','A Game Plan for Life',NULL,2020,NULL,'NOT_MATURE','preview-1.0.0',72),(1210,NULL,'Universal Game-Changer Volume 1 Game-Changer','Christopher Covington','To build systems that will keep and grow God\'s people. This book will challenge your mind. \"Universal Game-Changer\" will enlighten you to move from your past, and thrust you into your divine purpose. Mysteries and secrets of God being revealed in these last day. You are a \"Game Changer\" and have been predestined to walk in your dominionship. This book will give you an understanding of the power to change your life.','http://books.google.com/books/content?id=WMIsEAAAQBAJ&printsec=frontcover&img=1&zoom=1&edge=curl&source=gbs_api','2026-03-17 19:51:41','WMIsEAAAQBAJ','The power to change your life.','Christopher Covington',2017,'Religion','NOT_MATURE','0.0.1.0.preview.1',30),(1211,'1683504976','The Game Changer','Chicke Fitzgerald','The Game Changer is a business parable about innovation and business transformation, wrapping time honored principles in an engaging, fictional tale. It reveals the narrative behind a technology company founded by a game changing CEO/inventor that has reluctantly taken in funding, and nearly misses the gift of being able to grow at a much faster pace. He and his team initially feel the pressure of investor’s quarter-to- quarter profit metrics, but through a series of unusual and intertwined events, they find their entrepreneurial spirit and energy ignited again. They are empowered to change every area of the company, providing value back to their investors, and eventually to the public after their IPO.Written for anyone interested in entrepreneurship, innovation, leadership and personal growth.','http://books.google.com/books/content?id=sgotDwAAQBAJ&printsec=frontcover&img=1&zoom=1&edge=curl&source=gbs_api','2026-03-17 19:51:41','sgotDwAAQBAJ',NULL,'Morgan James Publishing',2017,'Business & Economics','NOT_MATURE','1.2.2.0.preview.3',213),(1212,'1683353927','Game Changer','Tommy Greenwald','A mysterious football accident sends a high school reeling in this award-winning multimedia-format novel from Tommy Greenwald Thirteen-year-old Teddy Youngblood is in a coma, fighting for his life after an unspecified football injury at training camp. His family and friends flock to his bedside to support his recovery—and to discuss the events leading up to the tragic accident. Was this the inevitable result of playing a violent sport, or did something more sinister happen on the field that day? Told in an innovative multimedia format combining dialogue, texts, newspaper articles, interview transcripts, an online forum, and Teddy’s inner thoughts, Game Changer explores the joyous thrills and terrifying risks of America’s most popular sport.','http://books.google.com/books/content?id=CB1RDwAAQBAJ&printsec=frontcover&img=1&zoom=1&edge=curl&source=gbs_api','2026-03-17 19:51:41','CB1RDwAAQBAJ',NULL,'Abrams',2018,'Juvenile Fiction','NOT_MATURE','1.3.4.0.preview.3',209),(1213,'0393239675','Game-Changer: Game Theory and the Art of Transforming Strategic Situations','David McAdams','A business professor at Duke University shows professionals how to become empowered \"game-changers\" that use circumstances to their best advantage through applying six different techniques to solve a variety of strategic challenges.','http://books.google.com/books/content?id=5AmxAgAAQBAJ&printsec=frontcover&img=1&zoom=1&edge=curl&source=gbs_api','2026-03-17 19:51:41','5AmxAgAAQBAJ',NULL,'W. W. Norton & Company',2014,'Business & Economics','NOT_MATURE','0.2.2.0.preview.0',304),(1214,NULL,'Universal Game-Changer Volume 5 Game-Day','Christopher Covington','Life has rules known as the Game of Life. Strategies must be implemented and applied for “Game-Day”. Christ being the central core focus in this volume brings forth the new birth transformation. The world is in chaos and the revelation of principalities, and how to discern them shall we look into. When people wanted to know the mind of God they would seek out the seer. In conclusion there were those who were chosen to set a standard known as the “Game-Changers” who said enough was enough. These demonstrated the Kingdom of God and took it by force in this masterwork.','http://books.google.com/books/content?id=MOssEAAAQBAJ&printsec=frontcover&img=1&zoom=1&edge=curl&source=gbs_api','2026-03-17 19:51:41','MOssEAAAQBAJ','The Game of Life','Christopher Covington',2021,'Religion','NOT_MATURE','1.5.2.0.preview.1',57),(1215,'9780990509004','Game Changer','Travis Hearn','Everyone knows the thrill of a game-changing moment. The last few seconds tick off the clock as a three-pointer sails through the hoop to win by one. An interception turns the tide in a championship game. A pinch hit falls just right to bring in the go-ahead run. But what almost everyone overlooks is that each of us is meant to be a game changer in the life God has set before us. In Game Changer, Travis Hearn points out fourteen simple but profound choices you can make that turn every day into a thrilling, game-changing moment. Through stories of his own foibles, the wisdom of big-name sports figures he\'s known, and accounts of God\'s miraculous intervention in his life and the life of his church, you\'ll seize the confidence to shift momentum in your favor. You\'ll see ways to: Rejuvenate life-long dreams that may have been lost in the shuffle of life; Take decisive action just when you think you\'ve run out of steam; Open your arms to God\'s favor; Experience peace through a renewed awareness of God\'s immense grace; Multiply God\'s blessings simply by receiving what He has for you;\"','http://books.google.com/books/content?id=bbmBoAEACAAJ&printsec=frontcover&img=1&zoom=1&source=gbs_api','2026-03-17 19:51:41','bbmBoAEACAAJ','The Defining Moment That Takes You from Trials to Triumph','Drs Agency',2014,'Religion','NOT_MATURE','preview-1.0.0',216),(1216,'0307930440','The Cat in the Hat.','Dr. Seuss','Two children sitting at home on a rainy day are visited by the cat who shows them some tricks and games.','http://books.google.com/books/content?id=tY4zrGsW_fUC&printsec=frontcover&img=1&zoom=1&edge=curl&source=gbs_api','2026-03-17 23:31:29','tY4zrGsW_fUC','Book and Hat',NULL,2012,'Juvenile Fiction','NOT_MATURE','0.5.3.0.preview.0',73),(1217,'0449810860','The Cat in the Hat','Dr. Seuss','The Cat in the Hat entertains two children on a rainy day.','http://books.google.com/books/content?id=VTu8i9vGUksC&printsec=frontcover&img=1&zoom=1&edge=curl&source=gbs_api','2026-03-17 23:31:29','VTu8i9vGUksC',NULL,'Random House Books for Young Readers',2012,'Juvenile Fiction','NOT_MATURE','0.3.0.0.preview.0',73),(1218,'9780375824708','Cat in the Hat Novelization','Jim Thomas','A novelization of the movie based on two books by Dr. Seuss which feature a zany, but well-meaning cat and the two children whose lives he turns upside down.','http://books.google.com/books/content?id=h8A9PjGeZygC&printsec=frontcover&img=1&zoom=1&source=gbs_api','2026-03-17 23:31:29','h8A9PjGeZygC',NULL,'Random House Books for Young Readers',2003,'Juvenile Fiction','NOT_MATURE','0.4.1.0.preview.0',140),(1219,'9780375825026','The Cat in the Hat Movie Storybook','Justine Fontes','\"The kids slumped in their chairs Too glum to complain. And to make matters worse, It started to rain . . . \" The Cat has arrived, and he\'s got a hat full of fun to save Conrad and Sally from a boring rainy afternoon. Written in buoyant easy-to-read prose (with more than a few hilarious asides from the pesky Fish), this official movie storybook is packed with full-color photos from the first-ever live-action film of the Dr. Seuss classic, starring Mike Meyers!','http://books.google.com/books/content?id=DJf1Vy2JXg8C&printsec=frontcover&img=1&zoom=1&source=gbs_api','2026-03-17 23:31:29','DJf1Vy2JXg8C',NULL,'Random House Books for Young Readers',2003,'Juvenile Fiction','NOT_MATURE','0.4.2.0.preview.0',48),(1220,'0385373511','The Cat in the Hat Comes Back','Dr. Seuss','NATIONAL BESTSELLER • The riotously funny follow-up to The Cat in the Hat! COMING IN 2026—A MAJOR MOTION PICTURE STARRING BILL HADER AS THE CAT IN THE HAT The Cat is back—along with some surprise friends—in this beloved Beginner Book by Dr. Seuss. Dick and Sally have no time to play. It\'s winter and they have mountains of snow to shovel. So when the Cat comes to visit, he decides to go inside and to take a bath. No problem, right? Wrong! The pink ring he leaves in the tub creates is a very BIG pink problem when he transfers the stubborn stain from the bath onto Mother\'s white dress, Dad\'s shoes, the floors, the walls, and ultimately, over the entire yard full of snow! Will the kids EVER clean up the mess? You bet they will, with some help from the Cat and his helpers: 26 miniature cats (AKA Little Cats A-Z) who live inside the Cat\'s hat! This classic Dr. Seuss story is the perfect choice for beginning readers and read-alouds, especially on snow days! Beginner Books are fun, funny, and easy to read! Launched by Dr. Seuss in 1957 with the publication of The Cat in the Hat, this beloved early reader series motivates children to read on their own by using simple words with illustrations that give clues to their meaning. Featuring a combination of kid appeal, supportive vocabulary, and bright, cheerful art, Beginner Books will encourage a love of reading in children.','http://books.google.com/books/content?id=krHxAwAAQBAJ&printsec=frontcover&img=1&zoom=1&edge=curl&source=gbs_api','2026-03-17 23:31:29','krHxAwAAQBAJ',NULL,'RH Childrens Books',2013,'Juvenile Fiction','NOT_MATURE','2.4.2.0.preview.3',36),(1221,'9780007247882','The Complete Cat in the Hat','Dr. Seuss','When Conrad and Sally are left alone, they think they are in for a boring day - until the Cat in the Hat arrives, bringing mayhem!','http://books.google.com/books/content?id=6pDTAAAACAAJ&printsec=frontcover&img=1&zoom=1&source=gbs_api','2026-03-17 23:31:29','6pDTAAAACAAJ',NULL,NULL,2007,'Cat in the Hat (Fictitious character)','NOT_MATURE','preview-1.0.0',136),(1222,'0007264178','The Cat in the Hat','Seuss','A beautiful board book edition of Dr. Seuss\' timeless classic, The Cat in the Hat. Perfect for little cat fans! When Sally and her brother are left alone, they think they\'re in for a boring day - until the Cat in the Hat arrives, bringing mayhem! This abridged edition of The Cat in the Hat has all the fun and madness of a day spent with the wacky cat, in a sturdy, toddler-resistant board book format.','http://books.google.com/books/content?id=WUa82PCEzfkC&printsec=frontcover&img=1&zoom=1&source=gbs_api','2026-03-17 23:31:29','WUa82PCEzfkC',NULL,'HarperCollins UK',2008,'Family & Relationships','NOT_MATURE','0.3.1.0.preview.0',26),(1223,'0449818993','How Wet Can You Get? (Dr. Seuss/Cat in the Hat)','Tish Rabe','Sally and Nick are playing in the rain—and getting really muddy! So when the Cat in the Hat offers to show them how animals get clean, the kids are keen to find out. But can Sally and Nick really get rid of the mud by taking dust baths, like a sparrow? Or by licking themselves, like a lion? And where are they going to find an oxpecker to pick it off them, like a hippo has? (Besides, oxpeckers tickle!) Maybe there\'s a better way for a kid to get clean? Based on an episode of the new PBS Kids program The Cat in the Hat Knows a Lot About That!, this 16-page Pictureback comes with a sheet of adorable stickers featuring all the mud encrusted characters.','http://books.google.com/books/content?id=bbxPdOBbOrIC&printsec=frontcover&img=1&zoom=1&edge=curl&source=gbs_api','2026-03-17 23:31:29','bbxPdOBbOrIC',NULL,'Random House Books for Young Readers',2012,'Juvenile Nonfiction','NOT_MATURE','1.6.4.0.preview.2',18),(1224,'9780007162376','One Cool Cat Colouring and Activity Book','Aristides Ruiz','A real de luxe colouring and activity book featuring Dr. Seuss\'s classic The Cat in the Hat character. This activity book features pages to colour, puzzles to work out, and lots of fun that is funny from the world\'s coolest cat!The Cat in the Hat is back! He\'s appearing in a live-action film, and the colouring pages, puzzles and activities in this book have all the zany fun of the movie. The back cover includes a special cut-out-and keep feature.','http://books.google.com/books/content?id=GyBtAAAACAAJ&printsec=frontcover&img=1&zoom=1&source=gbs_api','2026-03-17 23:31:29','GyBtAAAACAAJ',NULL,'Collins Publishers',2004,NULL,'NOT_MATURE','preview-1.0.0',32),(1225,'9780007355549','The Cat in the Hat Comes Back!','Dr. Seuss','The cat leaves a big pink ring in the tub and moves it from place to place with the help of his alphabet friends.','http://books.google.com/books/content?id=HnQ3NAEACAAJ&printsec=frontcover&img=1&zoom=1&source=gbs_api','2026-03-17 23:31:29','HnQ3NAEACAAJ',NULL,'HarperCollins Children\'s Books',2011,'Cat in the Hat (Fictitious character)','NOT_MATURE','preview-1.0.0',64),(1226,'0062654209','The Alice Network','Kate Quinn','Featuring an exclusive excerpt from Kate Quinn\'s next incredible historical novel, THE HUNTRESS NEW YORK TIMES & USA TODAY BESTSELLER #1 GLOBE AND MAIL HISTORICAL FICTION BESTSELLER One of NPR\'s Best Books of the Year! One of Bookbub\'s Biggest Historical Fiction Books of the Year! Reese Witherspoon Book Club Summer Reading Pick! The Girly Book Club Book of the Year! A Summer Book Pick from Good Housekeeping, Parade, Library Journal, Goodreads, Liz and Lisa, and BookBub In an enthralling new historical novel from national bestselling author Kate Quinn, two women—a female spy recruited to the real-life Alice Network in France during World War I and an unconventional American socialite searching for her cousin in 1947—are brought together in a mesmerizing story of courage and redemption. 1947. In the chaotic aftermath of World War II, American college girl Charlie St. Clair is pregnant, unmarried, and on the verge of being thrown out of her very proper family. She\'s also nursing a desperate hope that her beloved cousin Rose, who disappeared in Nazi-occupied France during the war, might still be alive. So when Charlie\'s parents banish her to Europe to have her \"little problem\" taken care of, Charlie breaks free and heads to London, determined to find out what happened to the cousin she loves like a sister. 1915. A year into the Great War, Eve Gardiner burns to join the fight against the Germans and unexpectedly gets her chance when she\'s recruited to work as a spy. Sent into enemy-occupied France, she\'s trained by the mesmerizing Lili, the \"Queen of Spies\", who manages a vast network of secret agents right under the enemy\'s nose. Thirty years later, haunted by the betrayal that ultimately tore apart the Alice Network, Eve spends her days drunk and secluded in her crumbling London house. Until a young American barges in uttering a name Eve hasn\'t heard in decades, and launches them both on a mission to find the truth...no matter where it leads. “Both funny and heartbreaking, this epic journey of two courageous women is an unforgettable tale of little-known wartime glory and sacrifice. Quinn knocks it out of the park with this spectacular book!”—Stephanie Dray, New York Times bestselling author of America\'s First Daughter','http://books.google.com/books/content?id=dRoGDQAAQBAJ&printsec=frontcover&img=1&zoom=1&edge=curl&source=gbs_api','2026-03-17 23:38:41','dRoGDQAAQBAJ','A Novel','HarperCollins',2017,'Fiction','NOT_MATURE','1.13.13.0.preview.2',570),(1227,'9780063215245','The Alice Network','Kate Quinn','NEW YORK TIMES & USA TODAY BESTSELLER #1 GLOBE AND MAIL HISTORICAL FICTION BESTSELLER One of NPR\'s Best Books of 2017! One of Bookbub\'s Biggest Historical Fiction Books of 2017! Reese Witherspoon Book Club Summer Reading Pick! The 2017 Girly Book Club Book of the Year! A Summer Book Pick from Good Housekeeping, Parade, Library Journal, Goodreads, Liz and Lisa, and BookBub In an enthralling new historical novel from national bestselling author Kate Quinn, two women--a female spy recruited to the real-life Alice Network in France during World War I and an unconventional American socialite searching for her cousin in 1947--are brought together in a mesmerizing story of courage and redemption. 1947. In the chaotic aftermath of World War II, American college girl Charlie St. Clair is pregnant, unmarried, and on the verge of being thrown out of her very proper family. She\'s also nursing a desperate hope that her beloved cousin Rose, who disappeared in Nazi-occupied France during the war, might still be alive. So when Charlie\'s parents banish her to Europe to have her little problem taken care of, Charlie breaks free and heads to London, determined to find out what happened to the cousin she loves like a sister. 1915. A year into the Great War, Eve Gardiner burns to join the fight against the Germans and unexpectedly gets her chance when she\'s recruited to work as a spy. Sent into enemy-occupied France, she\'s trained by the mesmerizing Lili, the Queen of Spies, who manages a vast network of secret agents right under the enemy\'s nose. Thirty years later, haunted by the betrayal that ultimately tore apart the Alice Network, Eve spends her days drunk and secluded in her crumbling London house. Until a young American barges in uttering a name Eve hasn\'t heard in decades, and launches them both on a mission to find the truth...no matter where it leads. \"Both funny and heartbreaking, this epic journey of two courageous women is an unforgettable tale of little-known wartime glory and sacrifice. Quinn knocks it out of the park with this spectacular book!\"--Stephanie Dray, New York Times bestselling author of America\'s First Daughter','http://books.google.com/books/content?id=2-F8zgEACAAJ&printsec=frontcover&img=1&zoom=1&source=gbs_api','2026-03-17 23:38:41','2-F8zgEACAAJ',NULL,'William Morrow',2022,'Fiction','NOT_MATURE','preview-1.0.0',384),(1228,'9788829541263','The Alice Network--A Novel',NULL,'Readers of The Alice Network: A Novel seeking engagement for all reading groups can gain further insight with this essential resource as a guide to aid your discussions. The Alice Network is a historical fiction novel that brings the readers back to the Great War. Author Kate Quinn tells a story of two women in wartime Europe. One is an American socialite Charlie St. Clair. Her pregnancy forces her to leave her country and move to Europe in search of a cousin who disappeared in France during the Nazi occupation. The second is a female spy Eve Gardiner who became a part of France\'s Alice Network during the Great War. Their stories intertwine in this exciting tale by Kate Quinn. 2017 is a good year for Kate Quinn\'s The Alice Network. This novel boasts of its recognition as New York Times & USA Today bestseller. It has also been acclaimed #1 Historical Fiction Bestseller by Globe and Mail. It has been part of NPR\'s 2017 Best Books of the Year, Girly Book Club and Bookbub\'s Biggest Historical Fiction Books of the Year. Celebrity Reese Witherspoon picked The Alice Network for her esteemed book club. Lastly, The Alice Network became the official Summer Book Pick for Good Housekeeping, Parade, Library Journal, Goodreads, Liz and Lisa, and BookBub. In this comprehensive look into The Alice Network: A Novel , you\'ll be equipped to prepare with the following: Discussion aid which includes a wealth of prompts and information Overall plot synopsis and author biography Thought-provoking discussion questions for a deeper examination Creative exercises to foster alternate \"if this was you\" discussions And much more! Note to readers: This is a companion guide based on The Alice Network: A Novel This is meant to enhance and aid your reading experience, not to replace it. We strongly encourage you to purchase the original book before purchasing this unofficial companion guide.',NULL,'2026-03-17 23:38:41','VmDIzgEACAAJ',NULL,NULL,2018,NULL,'NOT_MATURE','preview-1.0.0',0),(1229,'9781388500368','Summary of the Alice Network by Kate Quinn: Conversation Starters','Bookhabits','The Alice Network by Kate Quinn: Conversation Starters \"The Alice Network\" is a notable historical fiction novel that brings the readers back to the Great War. Author Kate Quinn tells a story of two women in wartime Europe. One is an American socialite Charlie St. Clair. Her pregnancy forces her to leave her country and move to Europe in search of a cousin who disappeared in France during the Nazi occupation. The second is a female spy Eve Gardiner who became a part of France\'s Alice Network during the Great War. Their stories intertwine in this exciting tale by Kate Quinn. 2017 is a good year for Kate Quinn\'s \"The Alice Network.\" This novel boasts of its recognition as New York Times & USA Today bestseller. It has also been acclaimed #1 Historical Fiction Bestseller by Globe and Mail. It has been part of NPR\'s 2017 Best Books of the Year, Girly Book Club and Bookbub\'s Biggest Historical Fiction Books of the Year. Celebrity Reese Witherspoon picked \"The Alice Network\" for her esteemed Book Club. A Brief Look Inside: EVERY GOOD BOOK CONTAINS A WORLD FAR DEEPER than the surface of its pages. The characters and their world come alive, and the characters and its world still live on. Conversation Starters is peppered with questions designed to bring us beneath the surface of the page and invite us into the world that lives on. These questions can be used to... Create Hours of Conversation: - Promote an atmosphere of discussion for groups - Foster a deeper understanding of the book - Assist in the study of the book, either individually or corporately - Explore unseen realms of the book as never seen before Disclaimer: This book you are about to enjoy is an independent resource meant to supplement the original book. If you have not yet read the original book, we encourage you to before purchasing this unofficial Conversation Starters.','http://books.google.com/books/content?id=EwXbtgEACAAJ&printsec=frontcover&img=1&zoom=1&source=gbs_api','2026-03-17 23:38:41','EwXbtgEACAAJ',NULL,'Blurb',2018,'Education','NOT_MATURE','preview-1.0.0',70),(1230,'9780463391198','Summary of the Alice Network','Sarah Fields','The Alice Network: A Novel by Kate Quinn\"The Alice Network is a historical fiction novel that brings the readers back to the Great War. Author Kate Quinn tells a story of two women in wartime Europe. One is an American socialite Charlie St. Clair. Her pregnancy forces her to leave her country and move to Europe in search of a cousin who disappeared in France during the Nazi occupation. The second is a female spy Eve Gardiner who became a part of France\'s Alice Network during the Great War. Their stories intertwine in this exciting tale by Kate Quinn.2017 is a good year for Kate Quinn\'s The Alice Network. This novel boasts of its recognition as New York Times & USA Today bestseller. It has also been acclaimed #1 Historical Fiction Bestseller by Globe and Mail. It has been part of NPR\'s 2017 Best Books of the Year, Girly Book Club and Bookbub\'s Biggest Historical Fiction Books of the Year. Celebrity Reese Witherspoon picked The Alice Network for her esteemed book club. Lastly, The Alice Network became the official Summer Book Pick for Good Housekeeping, Parade, Library Journal, Goodreads, Liz and Lisa, and BookBub.\"In this comprehensive discussion prompts guide into The Alice Network: A Novel by Kate Quinn, you\'ll gain insight with this essential resource as a guide to aid your discussions. Be prepared with the following:Discussion aids include a wealth of prompts and informationOverall plot synopsis and author biographySave time preparing for group discussions or for self-studyThought-provoking discussion questions for a deeper examinationCreative exercises to foster alternate \"if this was you\" discussionsAnd more!Disclaimer: This is a companion guide based on the work The Alice Network: A Novel by Kate Quinn and is not affiliated to the original work or author in any way. It does not contain any text of the original work. If you haven\'t purchased the original work, we encourage you to do so first.',NULL,'2026-03-17 23:38:41','kFfUzgEACAAJ','A Novel by Kate Quinn (Discussion Prompts)',NULL,2019,NULL,'NOT_MATURE','preview-1.0.0',0),(1231,'9780368225789','Summary: Kate Quinn\'s the Alice Network: A Novel (Discussion Prompts)','Sarah Fields','The Alice Network is a historical fiction novel that brings the readers back to the Great War. Author Kate Quinn tells a story of two women in wartime Europe. One is an American socialite Charlie St. Clair. Her pregnancy forces her to leave her country and move to Europe in search of a cousin who disappeared in France during the Nazi occupation. The second is a female spy Eve Gardiner who became a part of France\'s Alice Network during the Great War. Their stories intertwine in this exciting tale by Kate Quinn. 2017 is a good year for Kate Quinn\'s The Alice Network. This novel boasts of its recognition as New York Times and USA Today bestseller. It has also been acclaimed No.1 Historical Fiction Bestseller by Globe and Mail. It has been part of NPR\'s 2017 Best Books of the Year, Girly Book Club and Bookbub\'s Biggest Historical Fiction Books of the Year. Celebrity Reese Witherspoon picked The Alice Network for her esteemed book club. Lastly, The Alice Network became the official Summer Book Pick for Good Housekeeping, Parade, Library Journal, Goodreads, Liz and Lisa, and BookBub. In this comprehensive look into The Alice Network: A Novel by Kate Quinn, you\'ll gain insight with this essential resource as a guide to aid your discussions. Be prepared to lead with the following: More than 60 \"done-for-you\" discussion prompts available Discussion aid which includes a wealth of information and prompts Overall brief plot synopsis and author biography as refreshers Thought-provoking questions made for deeper examinations Creative exercises to foster alternate \"if this was you\" discussions And more! Please Note: This is a companion guide based on the work The Alice Network: A Novel by Kate Quinn not affiliated to the original work or author in any way and does not contain any text of the original work. Please purchase or read the original work first.','http://books.google.com/books/content?id=ozjuwQEACAAJ&printsec=frontcover&img=1&zoom=1&source=gbs_api','2026-03-17 23:38:41','ozjuwQEACAAJ',NULL,'Blurb',2019,'Reference','NOT_MATURE','preview-1.0.0',80),(1232,'9788828319757','The Alice Network--by Kate Quinn','Daily Books','The Alice Network: by Kate Quinn Conversation Starters \"The Alice Network\" is a notable historical fiction novel that brings the readers back to the Great War. Author Kate Quinn tells a story of two women in wartime Europe. One is an American socialite Charlie St. Clair. Her pregnancy forces her to leave her country and move to Europe in search of a cousin who disappeared in France during the Nazi occupation. The second is a female spy Eve Gardiner who became a part of France\'s Alice Network during the Great War. Their stories intertwine in this exciting tale by Kate Quinn. 2017 is a good year for Kate Quinn\'s \"The Alice Network.\" This novel boasts of its recognition as New York Times & USA Today bestseller. It has also been acclaimed #1 Historical Fiction Bestseller by Globe and Mail. It has been part of NPR\'s 2017 Best Books of the Year, Girly Book Club and Bookbub\'s Biggest Historical Fiction Books of the Year. Celebrity Reese Witherspoon picked \"The Alice Network\" for her esteemed Book Club. Lastly, \"The Alice Network\" became the official Summer Book Pick for Good Housekeeping, Parade, Library Journal, Goodreads, Liz and Lisa, and BookBub. A Brief Look Inside: EVERY GOOD BOOK CONTAINS A WORLD FAR DEEPER than the surface of its pages. The characters and their world come alive, and the characters and its world still live on. Conversation Starters is peppered with questions designed to bring us beneath the surface of the page and invite us into the world that lives on. These questions can be used to.. Create Hours of Conversation: • Foster a deeper understanding of the book • Promote an atmosphere of discussion for groups • Assist in the study of the book, either individually or corporately • Explore unseen realms of the book as never seen before',NULL,'2026-03-17 23:38:41','FPvMzgEACAAJ','Conversation Starters',NULL,2018,NULL,'NOT_MATURE','preview-1.0.0',0),(1233,'9788832593754','The Alice Network--A Novel by Kate Quinn Conversation Starters','dailyBooks','The Alice Network: A Novel by Kate Quinn Conversation Starters \"The Alice Network\" is a notable historical fiction novel that brings the readers back to the Great War. Author Kate Quinn tells a story of two women in wartime Europe. One is an American socialite Charlie St. Clair. Her pregnancy forces her to leave her country and move to Europe in search of a cousin who disappeared in France during the Nazi occupation. The second is a female spy Eve Gardiner who became a part of France\'s Alice Network during the Great War. Their stories intertwine in this exciting tale by Kate Quinn. 2017 is a good year for Kate Quinn\'s \"The Alice Network.\" This novel boasts of its recognition as New York Times & USA Today bestseller. It has also been acclaimed #1 Historical Fiction Bestseller by Globe and Mail. It has been part of NPR\'s 2017 Best Books of the Year, Girly Book Club and Bookbub\'s Biggest Historical Fiction Books of the Year. Celebrity Reese Witherspoon picked \"The Alice Network\" for her esteemed Book Club. Lastly, \"The Alice Network\" became the official Summer Book Pick for Good Housekeeping, Parade, Library Journal, Goodreads, Liz and Lisa, and BookBub. A Brief Look Inside: EVERY GOOD BOOK CONTAINS A WORLD FAR DEEPER than the surface of its pages. The characters and their world come alive, and the characters and its world still live on. Conversation Starters is peppered with questions designed to bring us beneath the surface of the page and invite us into the world that lives on. These questions can be used to.. Create Hours of Conversation: • Foster a deeper understanding of the book • Promote an atmosphere of discussion for groups • Assist in the study of the book, either individually or corporately • Explore unseen realms of the book as never seen before',NULL,'2026-03-17 23:38:41','ZfXDzgEACAAJ',NULL,NULL,2019,NULL,'NOT_MATURE','preview-1.0.0',0),(1234,'9788829507443','The Alice Network by Kate Quinn (Trivia-On-Books)','Trivion Books','Trivia-on-Book: The Alice Network by Kate Quinn Take the challenge and share it with friends and family for a time of fun! \"The Alice Network\" is a historical novel by New York Times best-selling author Kate Quinn. The story tells the story of two women who faced the woes of both World Wars. During World War I, Eve is recruited as a spy and becomes a part of the Alice Network in France, but when the Network falls apart, she becomes a drunk recluse until Charlie shows up in her life 30 years later in search of her missing cousin and dearest friend, Rose. \"The Alice Network\" is a New York Times bestseller and has raving reviews on Amazon with a nearly perfect rating of 4.5 stars and a Goodreads rating of 4.3 stars. You may have read the book, but not have liked it. You may have liked the book, but not be a fan. You may call yourself a fan, but few truly are. Are you a fan? Trivia-on-Books is an independently curated trivia quiz on the book for readers, students, and fans alike. If you\'re ready to take the challenge yourself or share it with friends and family for a time of fun, Trivia-on-Books provides a unique approach to the book that is both insightful and educational! Features You\'ll Find Inside: • 30 Multiple choice questions on the book, plots, characters, and author • Insightful commentary to answer every question • Complementary quiz material for yourself or your reading group • Results provided with scores to determine \"status\" Note: This is an unofficial trivia meant to supplement a reader\'s experience to books they already love. Trivia-on-Books provides quality and value with a unique approach that is both insightful and educational.','http://books.google.com/books/content?id=7LnXzgEACAAJ&printsec=frontcover&img=1&zoom=1&source=gbs_api','2026-03-17 23:38:41','7LnXzgEACAAJ',NULL,NULL,2018,NULL,'NOT_MATURE','preview-1.0.0',0),(1235,NULL,'Summary of the Alice Network','Paul Adams','The Alice Network: A Novel by Kate Quinn Conversation Starters \"The Alice Network\" is a notable historical fiction novel that brings the readers back to the Great War. Author Kate Quinn tells a story of two women in wartime Europe. One is an American socialite Charlie St. Clair. Her pregnancy forces her to leave her country and move to Europe in search of a cousin who disappeared in France during the Nazi occupation. The second is a female spy Eve Gardiner who became a part of France\'s Alice Network during the Great War. Their stories intertwine in this exciting tale by Kate Quinn. 2017 is a good year for Kate Quinn\'s \"The Alice Network.\" This novel boasts of its recognition as New York Times & USA Today bestseller. It has also been acclaimed #1 Historical Fiction Bestseller by Globe and Mail. It has been part of NPR\'s 2017 Best Books of the Year, Girly Book Club and Bookbub\'s Biggest Historical Fiction Books of the Year. Celebrity Reese Witherspoon picked \"The Alice Network\" for her esteemed Book Club. Lastly, \"The Alice Network\" became the official Summer Book Pick for Good Housekeeping, Parade, Library Journal, Goodreads, Liz and Lisa, and BookBub. A Brief Look Inside: EVERY GOOD BOOK CONTAINS A WORLD FAR DEEPER than the surface of its pages. The characters and their world come alive, and the characters and its world still live on. Conversation Starters is peppered with questions designed to bring us beneath the surface of the page and invite us into the world that lives on. These questions can be used to create hours of conversation: Foster a deeper understanding of the book Promote an atmosphere of discussion for groups Assist in the study of the book, either individually or corporately Explore unseen realms of the book as never seen before Disclaimer: This book you are about to enjoy is an independent companion resource of the original book, enhancing your experience. If you have not yet purchased a copy of the original book, please do before purchasing these unofficial Conversation Starters. © Copyright 2019 Download your copy now on sale Read it on your PC, Mac, iOS or Android smartphone, tablet devices.',NULL,'2026-03-17 23:38:41','4mbNzgEACAAJ','A Novel Conversation Starters',NULL,2019,NULL,'NOT_MATURE','preview-1.0.0',0),(1236,'0141319135','Percy Jackson and the Lightning Thief','Rick Riordan','The first bestselling book in Rick Riordan\'s phenomenally successful Percy Jackson series. Look, I didn\'t want to be a half-blood. I never asked to be the son of a Greek God. I was just a normal kid, going to school, playing basketball, skateboarding. The usual. Until I accidentally vaporized my maths teacher. That\'s when things started really going wrong. Now I spend my time fighting with swords, battling monsters with my friends, and generally trying to stay alive. This is the one where Zeus, God of the Sky, thinks I\'ve stolen his lightning bolt - and making Zeus angry is a very bad idea. Can Percy find the lightning bolt before a fully-fledged war of the Gods erupts?','http://books.google.com/books/content?id=kJw4xgJSEqMC&printsec=frontcover&img=1&zoom=1&source=gbs_api','2026-03-23 15:37:09','kJw4xgJSEqMC',NULL,'Penguin UK',2006,'Fiction','NOT_MATURE','2.8.5.0.preview.2',350),(1237,'9781405664424','Percy Jackson and the Last Olympian','Rick Riordan','The greatest monster of all, The storm giant Typhon, Is on the loose, wreaking havoc across the US - while Kronos\'s army lays siegeto Manhattan. Soon Percy must make the hardest choice of his life - a choice that will save or destroy the world.','http://books.google.com/books/content?id=4HmGcgAACAAJ&printsec=frontcover&img=1&zoom=1&source=gbs_api','2026-03-23 15:37:09','4HmGcgAACAAJ',NULL,'Galaxy',2010,'Children\'s stories','NOT_MATURE','preview-1.0.0',351),(1238,'0141919140','Percy Jackson and the Battle of the Labyrinth (Book 4)','Rick Riordan','The fourth book in the bestselling Percy Jackson and the Olympians series. Now with a new cover look! Discover the story behind the Disney+ series. HALF BOY - HALF GOD - ALL HERO. SURE, AS A DEMIGOD I’VE HAD MY FAIR SHARE OF NEAR-DEATH DISASTERS. BUT HEY, I’M STILL HERE TO TELL THE TALE . . . Percy Jackson’s enemies are back, and looking for a way to destroy Camp Half-Blood. To stop them, Percy and his friends must take on a new quest through the mysterious labyrinth – a sprawling underground world with deadly surprises at every turn. But the labyrinth was built to keep heroes out, and secrets safe within. As time runs out and the Titans draws near, can Percy save the day once more? Return to the World of Percy Jackson in the best-selling, brand-new adventure featuring the original hero in Percy Jackson and the Olympians: Chalice of the Gods – out now! And don\'t miss the trio\'s next adventure in Percy Jackson and the Olympians: Wrath of the Triple Goddess, coming soon!','http://books.google.com/books/content?id=t_bu4U35xs4C&printsec=frontcover&img=1&zoom=1&edge=curl&source=gbs_api','2026-03-23 15:37:09','t_bu4U35xs4C',NULL,'Penguin UK',2009,'Juvenile Fiction','NOT_MATURE','1.33.32.0.preview.2',295),(1239,'1368098282','Percy Jackson and the Olympians, Book One: The Lightning Thief Disney+ Tie-in Edition','Rick Riordan','The first book in the New York Times best-selling saga with a cover image and an 8-page photo insert from the Disney+ series! Read the book that launched Percy Jackson into the stratosphere before the Disney+ series comes out! Lately, mythological monsters and the Olympian gods seem to be walking straight out of the pages of Percy Jackson\'s Greek mythology textbook and into his life. Zeus\'s master lightning bolt has been stolen, and Percy is the prime suspect. Percy and his friends have just ten days to find and return Zeus\'s stolen property and bring peace to a warring Mount Olympus. Whether you are new to Percy or a longtime fan, this tie-in eBook edition with full-color photos from the Disney+ series is a must-have for your library.','http://books.google.com/books/content?id=ZimuEQAAQBAJ&printsec=frontcover&img=1&zoom=1&edge=curl&source=gbs_api','2026-03-23 15:37:09','ZimuEQAAQBAJ',NULL,'Disney Hyperion Digital',2023,'Juvenile Fiction','NOT_MATURE','0.1.1.0.preview.3',493),(1240,'0141352078','Percy Jackson and the Sea of Monsters: The Graphic Novel (Book 2)','Rick Riordan','The second book in the bestselling Percy Jackson and the Olympians series - now as a graphic novel! Discover the story behind the Disney+ series. You can\'t tell by looking at me that my dad is Poseidon, God of the Sea. It\'s not easy being a half-blood these days. Even a simple game of dodgeball becomes a death match against an ugly gang of cannibal giants - and that was only the beginning. Now Camp Half-Blood is under attack, and unless I can get my hands on the Golden Fleece, the whole camp will be invaded by monsters. Big ones . . . Return to the World of Percy Jackson in the best-selling, brand-new adventure featuring the original hero in Percy Jackson and the Olympians: Wrath of the Triple Goddess – out now in paperback! And don\'t miss the latest instalment in the Nico Di Angelo Adventures, The Court of the Dead, out now!','http://books.google.com/books/content?id=0YU2AAAAQBAJ&printsec=frontcover&img=1&zoom=1&source=gbs_api','2026-03-23 15:37:09','0YU2AAAAQBAJ',NULL,'Penguin UK',2014,'Juvenile Fiction','NOT_MATURE','1.19.14.0.preview.2',130),(1241,'1423147340','Percy Jackson and the Olympians: The Lightning Thief: The Graphic Novel','Rick Riordan','Just in time for the Percy Jackson and the Olympians series on Disney+, a refreshed edition of The Lightning Thief graphic novelIf you haven\'t yet submerged yourself in the graphic novel adaptation of Percy Jackson and the Olympians: The Lightning Thief, treat yourself to this refreshed edition with an exciting new cover.Four huge talents from the comic book industry contributed to this adaptation of the classic that has sold millions of copies worldwide, has been on the New York Times best-seller list for more than twelve years, and is the basis of an 8-episode series on Disney+.Mythological monsters and the gods of Mount Olympus seem to be walking out of the pages of twelve-year-old Percy Jackson\'s textbooks and into his life. And worse, he\'s angered a few of them. Zeus\'s master lightning bolt has been stolen, and Percy is the prime suspect. Now, he and his friends have just ten days to find and return Zeus\'s stolen property and bring peace to a warring Mount Olympus.Series creator Rick Riordan joins forces with four of the biggest names in comic books to tell the story of a boy who must unravel a treachery more powerful than the gods themselves.','http://books.google.com/books/content?id=eCSuEQAAQBAJ&printsec=frontcover&img=1&zoom=1&edge=curl&source=gbs_api','2026-03-23 15:37:09','eCSuEQAAQBAJ',NULL,'Disney Hyperion Digital',2013,'Juvenile Fiction','NOT_MATURE','1.1.1.0.preview.3',136),(1242,'1423194519','Percy Jackson and the Olympians: The Sea of Monsters, The Graphic Novel','Rick Riordan','Just in time for Season 2 of the Percy Jackson and the Olympians series on Disney+, a refreshed edition of The Sea of Monsters graphic novelIf you haven\'t yet submerged yourself in the graphic novel adaptation of Percy Jackson and the Olympians: The Sea of Monsters, treat yourself to this refreshed edition with an exciting new cover.When Thalia\'s tree is mysteriously poisoned, the magical borders of Camp Half-Blood begin to fail. Now Percy and his friends have just days to find the only magic item powerful to save the camp before it is overrun by monsters. The catch: they must sail into the Sea of Monsters to find it. Along the way, Percy must stage a daring rescue operation to save his old friend Grover, and he learns a terrible secret about his own family, which makes him question whether being the son of Poseidon is an honor or a curse.Series creator Rick Riordan joins forces with four of the biggest names in comic books to tell the story','http://books.google.com/books/content?id=DCmuEQAAQBAJ&printsec=frontcover&img=1&zoom=1&edge=curl&source=gbs_api','2026-03-23 15:37:09','DCmuEQAAQBAJ',NULL,'Disney Hyperion Digital',2013,'Juvenile Fiction','NOT_MATURE','preview-1.0.0',136),(1243,'0593891260','Percy Jackson Mad Libs','Leigh Olsen','A Mad Libs featuring stories inspired by Rick Riordian\'s bestselling YA series Percy Jackson and the Olympians.','http://books.google.com/books/content?id=FSUMEQAAQBAJ&printsec=frontcover&img=1&zoom=1&edge=curl&source=gbs_api','2026-03-23 15:37:09','FSUMEQAAQBAJ',NULL,'Penguin Group',2025,'Juvenile Nonfiction','NOT_MATURE','1.1.1.0.preview.1',49),(1244,'0141962305','Percy Jackson and the Last Olympian (Book 5)','Rick Riordan','The fifth book in the bestselling Percy Jackson and the Olympians series. Now with a new cover look! Discover the story behind the Disney+ series. HALF BOY - HALF GOD - ALL HERO. FOR ME, THE END OF THE WORLD STARTED WHEN A PEGASUS LANDED ON OUR CAR . . According to an ancient prophesy, one day the fate of the world will fall on Percy Jackson. When you’re the son of a Greek god, it happens. But now that day has come, as Kronos, Lord of the Titans, is beginning his attack on New York City. And the dreaded monster Typhon is also heading that way. So it’s Percy and his demigod friends versus untold evil . . . No pressure, right? Return to the World of Percy Jackson in the best-selling, brand-new adventure featuring the original hero in Percy Jackson and the Olympians: Chalice of the Gods – out now! And don\'t miss the trio\'s next adventure in Percy Jackson and the Olympians: Wrath of the Triple Goddess, coming soon!','http://books.google.com/books/content?id=dhzuIutwYG0C&printsec=frontcover&img=1&zoom=1&edge=curl&source=gbs_api','2026-03-23 15:37:09','dhzuIutwYG0C',NULL,'Penguin UK',2009,'Juvenile Fiction','NOT_MATURE','3.36.36.0.preview.2',307),(1245,'0739380338','The Last Olympian','Rick Riordan','The long-awaited prophecy surrounding Percy Jackson\'s sixteenth birthday unfolds as he leads an army of young demigods to stop Kronos in his advance on New York City, while the Olympians struggle to contain the rampaging monster, Typhon.','http://books.google.com/books/content?id=pcyOEAAAQBAJ&printsec=frontcover&img=1&zoom=1&source=gbs_api','2026-03-23 15:37:09','pcyOEAAAQBAJ',NULL,'National Geographic Books',2009,'Juvenile Fiction','NOT_MATURE','preview-1.0.0',0),(1246,'1302507427','Iron Man','John Byrne','When industrial villains Kearson DeWitt and the Marrs twins seize control of Tony Stark\'s central nervous system, he finds himself paralyzed during a battle with the Living Laser.','http://books.google.com/books/content?id=lVVsDwAAQBAJ&printsec=frontcover&img=1&zoom=1&edge=curl&source=gbs_api','2026-03-23 15:37:21','lVVsDwAAQBAJ','Armor Wars II','Marvel Entertainment',2018,'Comics & Graphic Novels','NOT_MATURE','1.4.2.0.preview.1',235),(1247,'130253291X','Iron Man Modern Era Epic Collection','Matt Fraction','Collecting Invincible Iron Man (2008) #500.1, #501-509 And Annual (2010) #1; Fear Itself #7.3: Iron Man; And Material From Invincible Iron Man (2008) #500. Matt Fraction and Salvador Larroca\'s blockbuster INVINCIBLE IRON MAN run continues! Witness the life and times of Iron Man - past, present and future...and as seen through the eyes of his greatest foe! To defeat the Mandarin, the Armored Avenger will have to soar to never-before-seen heights, and he\'s not going alone. Three generations of Starks face their ultimate enemy, seventy-some years in the future - while in the present, Spider-Man joins Iron Man as he tries to fill in the blanks of his missing memory! Then, because it\'s not enough to remake one world with free and limitless energy, Stark Resilient takes on the challenge of remaking another: Asgard! But when FEAR ITSELF grips Earth and the avatars of the Serpent go on the rampage, prepare to find out: How resilient is Resilient? How strong is iron? Before it\'s all over, Tony\'s darkest secret is leaked to the world!','http://books.google.com/books/content?id=nGpZEQAAQBAJ&printsec=frontcover&img=1&zoom=1&edge=curl&source=gbs_api','2026-03-23 15:37:21','nGpZEQAAQBAJ','The New Iron Age','Marvel Entertainment',2025,'Comics & Graphic Novels','NOT_MATURE','1.1.1.0.preview.1',413),(1248,'1302369865','Iron Man Vol. 3','Kieron Gillen','Collects Iron Man (2012) #12-17. Now it can be told: The shocking secret origin of Tony Stark continues! And it began with his birth! As the manipulative alien power\'s ulterior motive is laid bare, an even more massive surprise awaits at a deserted battlefield from the beginning of time!','http://books.google.com/books/content?id=VHKdAwAAQBAJ&printsec=frontcover&img=1&zoom=1&edge=curl&source=gbs_api','2026-03-23 15:37:21','VHKdAwAAQBAJ','The Secret Origin of Tony Stark Book 2','Marvel Entertainment',2014,'Comics & Graphic Novels','NOT_MATURE','3.5.4.0.preview.1',149),(1249,'1608872750','Iron Man Manual','Daniel Wallace','Includes removable facsimile items and memorabilia.','http://books.google.com/books/content?id=8b4-EAAAQBAJ&printsec=frontcover&img=1&zoom=1&edge=curl&source=gbs_api','2026-03-23 15:37:21','8b4-EAAAQBAJ',NULL,'Simon and Schuster',2013,'Comics & Graphic Novels','NOT_MATURE','0.1.2.0.preview.0',77),(1250,'0785170715','Iron Man','David Michelinie','Millionaire industrialist Tony Stark is an inventive genius who has dedicated all of his enormous financial and intellectual resources to a single guiding principle: the creation of technology for the betterment of humanity. Stark\'s greatest creation is a modern-day miracle: a suit of form-fitting, strength-enhancing, steel-mesh armor he dons to become the living symbol of his ideals, the Invincible Iron Man! But when Stark discovers that the same technology he used to create the Iron Man armor - technology so secret he didn\'t even dare patent it - is now in the hands of several deadly super-villains, he feels responsible for the evil they have done with the high-tech tools he unwittingly provided. In the face of objections from his government, friends, colleagues and fellow super heroes, Stark swears to use the power of Iron Man to bring the evil to an end - and to take back what\'s his. The Beatle, Stilt Man, the Controller, Stingray, the Mandroids, the Guardsmen and Firepower don\'t know it yet, but they\'ve got a problem. The world\'s most powerful force for good isn\'t playing by the rules anymore. And he\'s coming for them. Collects Iron Man (1968) #225-232.','http://books.google.com/books/content?id=QjJdWnAMMBcC&printsec=frontcover&img=1&zoom=1&edge=curl&source=gbs_api','2026-03-23 15:37:21','QjJdWnAMMBcC','Armor Wars','Marvel Entertainment',2007,'Comics & Graphic Novels','NOT_MATURE','0.2.1.0.preview.1',211),(1251,'034550609X','Iron Man','Peter David','When billionaire weapons designer Tony Stark is injured and kidnapped in the middle of a war zone, he forges a technologically advanced suit of power armor to stay alive, thus turning himself into the hero Iron Man.','http://books.google.com/books/content?id=frzS6cG-khgC&printsec=frontcover&img=1&zoom=1&edge=curl&source=gbs_api','2026-03-23 15:37:21','frzS6cG-khgC',NULL,'Random House Digital, Inc.',2008,'Fiction','NOT_MATURE','0.4.2.0.preview.0',322),(1252,'130201370X','Iron Man Vol. 1','Kieron Gillen','Tony Stark is Iron Man: Technological visionary, wealthy playboy, unparalleled engineer, and armored Avenger. But in one terrifying instant, his greatest invention becomes his greatest mistake. The lethal techno virus Extremis is out in the wild and out for grabs to the highest bidder! Introducing the Circle, a mysterious high-tech brotherhood of mech-knights, as Tony\'s hunt for the rogue Extremis Units takes him to the island of New Camelot! As he dogfights the secret Russian Black Exoskeleton Academy\'s greatest pilot, Iron Man must act fast...and Tony Stark must build faster! It\'s up to Tony to contain Extremis, and that means creating a new suit of armor...NOW! COLLECTING: Iron Man (2012) 1-5','http://books.google.com/books/content?id=7Cp3PkCqGh8C&printsec=frontcover&img=1&zoom=1&edge=curl&source=gbs_api','2026-03-23 15:37:22','7Cp3PkCqGh8C','Believe','Marvel Entertainment',2013,'Comics & Graphic Novels','NOT_MATURE','0.4.2.0.preview.1',126),(1253,'9781743811764','Iron Man','Scholastic Australia','Tony Stark is known throughout the world as many things: billionaire, inventor, Avenger. But mainly for being the Invincible Iron Man. Just when Tony is about to add his pizzazz to an international eco-summit in Ireland, someone close to him forces him to question his role in making the world a more dangerous place with his high-tech weaponry. But Stark doesn\'t have much time to reflect before an old enemy presents him with an even greater challenge: the assassination of all the eco-ministers, and Iron Man himself. Just how invincible Iron Man is when he is stripped of everything remains to be seen.',NULL,'2026-03-23 15:37:22','FykkvgAACAAJ','The Gauntlet',NULL,2016,NULL,'NOT_MATURE','preview-1.0.0',288),(1254,'047058310X','Iron Man and Philosophy','Mark D. White','The first look at the philosophy behind the Iron Man comics and movies, timed for the release of Iron Man 2 in March 2010 On the surface, Iron Man appears to be a straightforward superhero, another rich guy fighting crime with fancy gadgets. But beneath the shiny armor and flashy technology lies Tony Stark, brilliant inventor and eccentric playboy, struggling to balance his desires, addictions, and relationships with his duties as the Armored Avenger. Iron Man and Philosophy explores the many philosophical issues that emerge from the essential conflicts found in the decades of Iron Man stories in comics and movies. What kind of moral compass does Tony Stark have? Is Iron Man responsible for the death of Captain America after the Marvel Universe “Civil War”? Should people like Stark run the world? How does Tony’s alcoholism impact his performance as Iron Man, and what does it say about moral character? Ultimately, what can Iron Man teach us about the role of technology in society? As absorbing as Iron Man comic books and movies, Iron Man and Philosophy: Gives you a new perspective on Iron Man characters, story lines, and themes Shows what philosophical heavy hitters such as Aristotle, Locke, and Heidegger can teach us about Tony Stark/Iron Man Considers issues such as addiction, personal responsibility, the use of technology, and the role of government Whether you\'ve been reading the comic books for years or have gotten into Iron Man through the movies, Iron Man and Philosophy is a must-have companion for every fan.','http://books.google.com/books/content?id=0SCWAAAAQBAJ&printsec=frontcover&img=1&zoom=1&edge=curl&source=gbs_api','2026-03-23 15:37:22','0SCWAAAAQBAJ','Facing the Stark Reality','John Wiley & Sons',2010,'Philosophy','NOT_MATURE','1.4.5.0.preview.3',270),(1255,'1476620741','The Ages of Iron Man','Joseph J. Darowski','Billionaire industrialist, cold warrior, weapons designer, alcoholic, philanthropist, Avenger--Tony Stark, alter-ego of Marvel Comics\' Iron Man, has played many roles in his five decades as a superhero. From his 1963 comics debut in Tales of Suspense to the recent film adaptations--The Avengers (2012), Iron Man 3 (2013)--hundreds of creators have had a hand in writing the character with evolving depictions and distinct artistic styles. This collection of essays provides an historical overview of an important figure in American popular culture and a close reading of Iron Man\'s most iconic story lines, including his origin in Vietnam, \"Demon in a Bottle,\" \"Civil War,\" and \"Extremis.\"','http://books.google.com/books/content?id=x3gwCgAAQBAJ&printsec=frontcover&img=1&zoom=1&edge=curl&source=gbs_api','2026-03-23 15:37:22','x3gwCgAAQBAJ','Essays on the Armored Avenger in Changing Times','McFarland',2015,'Literary Criticism','NOT_MATURE','0.2.3.0.preview.3',236),(1256,NULL,'A WIZARD OF EARTH SEA','URSULA K. LEGUIN',NULL,'http://books.google.com/books/content?id=scije3tIJt4C&printsec=frontcover&img=1&zoom=1&source=gbs_api','2026-03-23 15:51:23','scije3tIJt4C',NULL,NULL,1968,NULL,'NOT_MATURE','1.5.1.0.preview.0',196),(1257,'9780547851396','A Wizard of Earthsea','Ursula K. Le Guin','A boy grows to manhood while attempting to subdue the evil he unleashed on the world as an apprentice to the Master Wizard.','http://books.google.com/books/content?id=ZiOjzQEACAAJ&printsec=frontcover&img=1&zoom=1&source=gbs_api','2026-03-23 15:51:24','ZiOjzQEACAAJ',NULL,NULL,1971,'Fantasy','NOT_MATURE','preview-1.0.0',197),(1258,'3031246403','Ursula K. Le Guin’s \"A Wizard of Earthsea\"','Timothy S. Miller','Written not so long after \"Tolkien mania\" first gripped the United States in the 1960s, Ursula K. Le Guin\'s novel A Wizard of Earthsea (1968) has long been recognized as a classic of the fantasy genre, and the series of Earthsea books that followed on it over the next several decades earned its author both considerable sales and critical accolades. This new introduction to the text will closely contextualize the original novel in relation to its heady decade of composition and publication — a momentous time for genre publishing — and also survey the half century and more of scholarship on Earthsea, which has shifted in direction and emphasis many times over the decades, just as surely as Le Guin frequently adjusted her own sails when composing later works set in the fantasy world. Above all, this book positions A Wizard of Earthsea as perhaps an \"old text\" that nevertheless belongs in a \"new canon,\" a key novel in the author\'s career and the genre in which it participates, and one that at once looks back to Tolkien and his own antecedents in masculinist early fantasy; looks forward to Le Guin\'s own continuing feminist and progressive education; and anticipates and indeed helped to shape young adult literature in its contemporary form.','http://books.google.com/books/content?id=mWqxEAAAQBAJ&printsec=frontcover&img=1&zoom=1&edge=curl&source=gbs_api','2026-03-23 15:51:24','mWqxEAAAQBAJ','A Critical Companion','Springer Nature',2023,'Literary Criticism','NOT_MATURE','0.4.4.0.preview.3',107),(1259,'9780140304770','A Wizard of Earthsea','Ursula K. Le Guin','The first book of Earthsea is a tale of wizards, dragons and terrifying shadows. The island of Gont is a land famous for wizards. Of these, some say the greatest - and surely the greatest voyager - is the man called Sparrowhawk. As a reckless, awkward boy, he discovered the great power that was in him - with terrifying consequences. Tempted by pride to try spells beyond his means, Sparrowhawk lets loose an evil shadow-beast in his land. Only he can destroy it, and the quest leads him to the farthest corner of Earthsea.','http://books.google.com/books/content?id=1bgfngEACAAJ&printsec=frontcover&img=1&zoom=1&source=gbs_api','2026-03-23 15:51:24','1bgfngEACAAJ',NULL,'Puffin HC',1971,'Juvenile Fiction','NOT_MATURE','preview-1.0.0',205),(1260,'9780812421453','A Wizard of Earthsea','Ursula K. Le Guin','Ged was the greatest sorcerer in all Earthsea, but once he was called Sparrowhawk, a reckless youth, hungry for power and knowledge, who tampered with long-held secrets and loosed a terrible shadow upon the world. This is the tale of his testing, how he mastered the mighty words of power, tamed an ancient dragon, and crossed death\'s threshold to restore the balance.',NULL,'2026-03-23 15:51:24','cPY5PgAACAAJ',NULL,'Perfection Learning',1978,'Fantasy','NOT_MATURE','preview-1.0.0',0),(1261,'0547722044','Tales from Earthsea','Ursula K. Le Guin','An exciting re-launch of the classic Earthsea Cycle, by fantasy literature legend Ursula K. Le Guin, winner of a Newbery Honor, the National Book Award, Pushcart Prize, and six Nebula Awards.','http://books.google.com/books/content?id=ueRzTEnB96wC&printsec=frontcover&img=1&zoom=1&edge=curl&source=gbs_api','2026-03-23 15:51:24','ueRzTEnB96wC',NULL,'Houghton Mifflin Harcourt',2012,'Juvenile Fiction','NOT_MATURE','1.2.2.0.preview.1',417),(1262,'9780140154276','The Earthsea Quartet','Ursula K. Le Guin','No Marketing Blurb','http://books.google.com/books/content?id=jLtmQgAACAAJ&printsec=frontcover&img=1&zoom=1&source=gbs_api','2026-03-23 15:51:24','jLtmQgAACAAJ',NULL,'Penguin Books, Limited (UK)',1993,'Earthsea (Imaginary place)','NOT_MATURE','preview-1.0.0',690),(1263,'9780241618042','Earthsea: the First Four Books','Úrsula K. Le Guin','A collection of one of the most-beloved and influential fantasy works of all time. The series follows two main characters: Ged, who grows from an arrogant boy to one of the most powerful mages Earthsea has ever known; and Tenar, who escapes her fate as a child-priestess, and must fight for a life of her own. Filled with soaring, dangerous and beautifully-spun magic; evocative, sweeping settings; and extraordinarily vivid, emotionally complex characters, once read, the Earthsea series will never be forgotten.','http://books.google.com/books/content?id=ivEtzwEACAAJ&printsec=frontcover&img=1&zoom=1&source=gbs_api','2026-03-23 15:51:24','ivEtzwEACAAJ',NULL,'Penguin UK',2023,'Juvenile Fiction','NOT_MATURE','preview-1.0.0',0),(1264,'1473208459','A Wizard of Earthsea','Ursula K. Le Guin','\'Drink this magic up. Drown in it. Dream it\' David Mitchell Ged, the greatest sorcerer in all Earthsea, was called Sparrowhawk in his reckless youth. Hungry for power and knowledge, Sparrowhawk tampered with long-held secrets and loosed a terrible shadow upon the world. This is the tale of his testing, how he mastered the mighty words of power, tamed an ancient dragon, and crossed death\'s threshold to restore the balance. \'The Earthsea trilogy . . . is a memorable exploration of the relationship between life and death. . . Ged, its hero, must face his shadow self before it devours him. Only then will he become whole. In the process, he must contend with the wisdom of dragons: ambiguous and not our wisdom, but wisdom nonetheless\' Magaret Atwood','http://books.google.com/books/content?id=XOjkBwAAQBAJ&printsec=frontcover&img=1&zoom=1&source=gbs_api','2026-03-23 15:51:24','XOjkBwAAQBAJ','The First Book of Earthsea','Hachette UK',2015,'Fiction','NOT_MATURE','1.15.14.0.preview.2',189),(1265,NULL,'A wizard of Earthsea','Ruth Robbins',NULL,NULL,'2026-03-23 15:51:24','fZFH0AEACAAJ',NULL,NULL,1977,NULL,'NOT_MATURE','preview-1.0.0',0),(1266,'1429959819','The Eye of the World','Robert Jordan','The Wheel of Time is now an original series on Prime Video, starring Rosamund Pike as Moiraine! The Eye of the World, the first novel in Robert Jordan\'s #1 New York Times bestselling epic fantasy series, The Wheel of Time®, follows Moiraine Damodred as she arrives in Emond\'s Field on a quest to find the one prophesized to stand against The Dark One. The Wheel of Time turns and Ages come and pass, leaving memories that become legend. Legend fades to myth, and even myth is long forgotten when the Age that gave it birth returns again. What was, what will be, and what is, may yet fall under the Shadow. When a vicious band of half-men, half beasts invade the Two Rivers seeking their master’s enemy, Moiraine persuades Rand al’Thor and his friends to leave their home and enter a larger unimaginable world filled with dangers waiting in the shadows and in the light. Since its debut in 1990, The Wheel of Time® has captivated millions of readers around the globe with its scope, originality, and compelling characters. The last six books in series were all instant #1 New York Times bestsellers, and The Eye of the World was named one of America\'s best-loved novels by PBS\'s The Great American Read. The Wheel of Time® New Spring: The Novel #1 The Eye of the World #2 The Great Hunt #3 The Dragon Reborn #4 The Shadow Rising #5 The Fires of Heaven #6 Lord of Chaos #7 A Crown of Swords #8 The Path of Daggers #9 Winter\'s Heart #10 Crossroads of Twilight #11 Knife of Dreams By Robert Jordan and Brandon Sanderson #12 The Gathering Storm #13 Towers of Midnight #14 A Memory of Light By Robert Jordan and Teresa Patterson The World of Robert Jordan\'s The Wheel of Time By Robert Jordan, Harriet McDougal, Alan Romanczuk, and Maria Simons The Wheel of Time Companion By Robert Jordan and Amy Romanczuk Patterns of the Wheel: Coloring Art Based on Robert Jordan\'s The Wheel of Time At the Publisher\'s request, this title is being sold without Digital Rights Management Software (DRM) applied.','http://books.google.com/books/content?id=1PgKPuFIz1kC&printsec=frontcover&img=1&zoom=1&edge=curl&source=gbs_api','2026-03-23 15:55:17','1PgKPuFIz1kC','Book One of The Wheel of Time','Tor Books',2000,'Fiction','NOT_MATURE','2.38.33.0.preview.2',754),(1267,'0356519627','The Complete Wheel of Time','Robert Jordan','This complete ebook collection contains all fifteen books in the Wheel of Time series: one the most influential and popular fantasy epics ever published. NOW A MAJOR TV SERIES ON PRIME VIDEO When their village is attacked by terrifying creatures, Rand al\'Thor and his friends are forced to flee for their lives. An ancient evil is stirring, and its servants are scouring the land for the Dragon Reborn - the prophesised hero who can deliver the world from darkness. In this Age of myth and legend, the Wheel of Time turns. What was, what may be, and what is, may yet fall under the Shadow. This complete Wheel of Time ebook collection includes: Book 1: The Eye of the World Book 2: The Great Hunt Book 3: The Dragon Reborn Book 4: The Shadow Rising Book 5: The Fires of Heaven Book 6: Lord of Chaos Book 7: A Crown of Swords Book 8: The Path of Daggers Book 9: Winter\'s Heart Book 10: Crossroads of Twilight Book 11: Knife of Dreams Book 12: The Gathering Storm Book 13: Towers of Midnight Book 14: A Memory of Light Prequel: New Spring \'EPIC IN EVERY SENSE\' Sunday Times \'WITH THE WHEEL OF TIME, JORDAN HAS COME TO DOMINATE THE WORLD THAT TOLKIEN BEGAN TO REVEAL\' New York Times \'[THE] AMBITIOUS WHEEL OF TIME SERIES HELPED REDEFINE THE GENRE\' George R. R. Martin \'A FANTASY PHENOMENON\' SFX Look out for the companion book: The World of Robert Jordan\'s The Wheel of Time Also look out for The Complete Wheel of Time Box Set, a box set containing all fifteen novels in this monumental series, presented in a sturdy box with a wood-finish effect.','http://books.google.com/books/content?id=madjEAAAQBAJ&printsec=frontcover&img=1&zoom=1&source=gbs_api','2026-03-23 15:55:17','madjEAAAQBAJ','The ebook collection of all 15 books in The Wheel of Time','Hachette UK',2022,'Fiction','NOT_MATURE','1.5.5.0.preview.2',6358),(1268,'0312850093','The Eye of the World','Robert Jordan','The Wheel of Times turns and Ages come and go, leaving memories that become legend. Legend fades to myth, and even myth is long forgotten when the Age that gave it birth returns again. In the Third Age, and Age of Prophecy, the World and Time themselves hang in the balance. What was, what will be, and what is, may yet fall under the Shadow.','http://books.google.com/books/content?id=BYQFV2D2vRcC&printsec=frontcover&img=1&zoom=1&edge=curl&source=gbs_api','2026-03-23 15:55:17','BYQFV2D2vRcC','Book One of \'The Wheel of Time\'','Macmillan',1990,'Fiction','NOT_MATURE','0.4.0.0.preview.0',753),(1269,'1250171288','The World of Robert Jordan\'s The Wheel of Time','Robert Jordan','The Wheel of Time is now an original series on Prime Video, starring Rosamund Pike as Moiraine! Since its debut in 1990, The Wheel of Time® by Robert Jordan has captivated millions of readers around the globe with its scope, originality, and compelling characters. The World of Robert Jordan\'s The Wheel of Time is bursting with full-color art, legends, and stories from the iconic series. In this series companion book, over eighty full color paintings include maps of the world, portraits of the central characters, landscapes, objects of Power, and national flags. The reader will learn about the exotic beasts used by the Seanchan, witness the rise and fall of Artur Hawking, peruse the deeper story of the War of the Shadow, and discover the tale of the founding of the White Tower, and the creation of the Ajahs. The inner workings of the closed country, Shara, are revealed, as is the existence of a hitherto unknown continent called The Land of the Madmen. This stunning volume also includes double-page spreads of the first seven book jackets by Darrell Sweet so that the art can be enjoyed without type, and all the known maps of the world, including maps of the Seanchan Empire, the nations of the Covenant of the Ten Nations, and the nations as they were when Artur Paendrag Tanreall began his rise to legend. In a new hardcover edition with a beautiful updated cover, The World of Robert Jordan\'s The Wheel of Time is a must-buy for devoted fans of the series and newcomers alike. The Wheel of Time® New Spring: The Novel #1 The Eye of the World #2 The Great Hunt #3 The Dragon Reborn #4 The Shadow Rising #5 The Fires of Heaven #6 Lord of Chaos #7 A Crown of Swords #8 The Path of Daggers #9 Winter\'s Heart #10 Crossroads of Twilight #11 Knife of Dreams By Robert Jordan and Brandon Sanderson #12 The Gathering Storm #13 Towers of Midnight #14 A Memory of Light By Robert Jordan and Teresa Patterson The World of Robert Jordan\'s The Wheel of Time By Robert Jordan, Harriet McDougal, Alan Romanczuk, and Maria Simons The Wheel of Time Companion By Robert Jordan and Amy Romanczuk Patterns of the Wheel: Coloring Art Based on Robert Jordan\'s The Wheel of Time At the Publisher\'s request, this title is being sold without Digital Rights Management Software (DRM) applied.','http://books.google.com/books/content?id=UhekDgAAQBAJ&printsec=frontcover&img=1&zoom=1&edge=curl&source=gbs_api','2026-03-23 15:55:17','UhekDgAAQBAJ',NULL,'Tor Books',2017,'Fiction','NOT_MATURE','1.5.6.0.preview.2',592),(1270,'081257558X','Winter\'s Heart','Robert Jordan','The Wheel of Time turns and Ages come and go. What was, what will be, and what is, may yet fall under the Shadow. Let the Dragon ride again on the winds of time. THE WHEEL OF TIME Book One: The Eye of the World Book Two: The Great Hunt Book Three: The Dragon Reborn Book Four: The Shadow Rising Book Five: The Fires of Heaven Book Six: Lord of Chaos Book Seven: A Crown of Swords Book Eight: The Path of Daggers Book Nine: Winter\'s Heart Book Ten: Crossroads of Twilight','http://books.google.com/books/content?id=4W5RQY_MiMEC&printsec=frontcover&img=1&zoom=1&edge=curl&source=gbs_api','2026-03-23 15:55:17','4W5RQY_MiMEC','Book Nine of \'The Wheel of Time\'','Macmillan',2002,'Fiction','NOT_MATURE','0.9.6.0.preview.2',807),(1271,'9781035004188','Origins of The Wheel of Time','Michael Livingston','A must-read for the millions of fans of the books and television series, Origins of The Wheel of Time is a deep dive into the inspirations behind The Wheel of Time, including Robert Jordan\'s creative processes.','http://books.google.com/books/content?id=f53FzwEACAAJ&printsec=frontcover&img=1&zoom=1&source=gbs_api','2026-03-23 15:55:17','f53FzwEACAAJ','The Legends and Mythologies that Inspired Robert Jordan','Tor',2023,NULL,'NOT_MATURE','preview-1.0.0',0),(1272,'0765325950','A Memory of Light','Robert Jordan','The conclusion to the Wheel of Time series draws on notes left by the late Robert Jordan.','http://books.google.com/books/content?id=L0hFAwAAQBAJ&printsec=frontcover&img=1&zoom=1&edge=curl&source=gbs_api','2026-03-23 15:55:17','L0hFAwAAQBAJ',NULL,'Macmillan',2013,'Fiction','NOT_MATURE','0.2.3.0.preview.0',912),(1273,'1429960817','Knife of Dreams','Robert Jordan','The Wheel of Time is now an original series on Prime Video, starring Rosamund Pike as Moiraine! In Knife of Dreams, the eleventh novel in Robert Jordan’s #1 New York Times bestselling epic fantasy series, The Wheel of Time®, Tarmon Gai\'don, the Last Battle, is upon Rand al\'Thor—and now the Dragon Reborn must confront the Dark One as humanity\'s only hope. The dead are walking, men die impossible deaths, and it seems as though reality itself has become unstable... Abandoning Rand’s war against the Dark One, Perrin Aybara has made his own truce with the Seanchan in his obsessive quest to save his wife Faile from the Shaido and destroy their mutual enemies. To achieve victory, Perrin must render the Shaido Wise One channelers in Malden powerless. But even as he puts his desperate plan into action, Masema Dagar, the Prophet of the Dragon, moves against him. Traveling with circus performers through Seanchan-controlled Altara, Mat Cauthon attempts to court Tuon, the Daughter of the Nine Moons, to complete their fateful prophesized marriage. Despite being surrounded by Seanchan seeking to kill her, Mat’s intended leads him on a merry chase while he wages guerrilla warfare to protect her. Knowing he cannot defeat the Dark One while at war with the Seanchan, Rand brokers for a truce with the Daughter of the Nine Moons. Unaware of Tuon’s actual location, the Dragon Reborn walks into a trap set by the Forsaken Semirhage, who possesses knowledge about his powers that will either shatter or steel his resolve in the forthcoming conflict. Since its debut in 1990, The Wheel of Time® by Robert Jordan has captivated millions of readers around the globe with its scope, originality, and compelling characters. The last six books in series were all instant #1 New York Times bestsellers, and The Eye of the World was named one of America\'s best-loved novels by PBS\'s The Great American Read. The Wheel of Time® New Spring: The Novel #1 The Eye of the World #2 The Great Hunt #3 The Dragon Reborn #4 The Shadow Rising #5 The Fires of Heaven #6 Lord of Chaos #7 A Crown of Swords #8 The Path of Daggers #9 Winter\'s Heart #10 Crossroads of Twilight #11 Knife of Dreams By Robert Jordan and Brandon Sanderson #12 The Gathering Storm #13 Towers of Midnight #14 A Memory of Light By Robert Jordan and Teresa Patterson The World of Robert Jordan\'s The Wheel of Time By Robert Jordan, Harriet McDougal, Alan Romanczuk, and Maria Simons The Wheel of Time Companion By Robert Jordan and Amy Romanczuk Patterns of the Wheel: Coloring Art Based on Robert Jordan\'s The Wheel of Time At the Publisher\'s request, this title is being sold without Digital Rights Management Software (DRM) applied.','http://books.google.com/books/content?id=cejrfFAbiz4C&printsec=frontcover&img=1&zoom=1&edge=curl&source=gbs_api','2026-03-23 15:55:17','cejrfFAbiz4C','Book Eleven of \'The Wheel of Time\'','Macmillan',2010,'Fiction','NOT_MATURE','1.31.25.0.preview.2',890),(1274,'142996037X','The Fires of Heaven','Robert Jordan','The Wheel of Time is now an original series on Prime Video, starring Rosamund Pike as Moiraine! In The Fires of Heaven, the fifth novel in Robert Jordan’s #1 New York Times bestselling epic fantasy series, The Wheel of Time®, four of the most powerful Forsaken band together against the Champion of Light, Rand al’Thor. Prophesized to defeat the Dark One, Rand al\'Thor, the Dragon Reborn, has upset the balance of power across the land. Shaido Aiel are on the march, ravaging everything in their path. The White Tower\'s Amyrlin has been deposed, turning the Aes Sedai against one another. The forbidden city of Rhuidean is overrun by Shadowspawn. Despite the chaos swirling around him, Rand continues to learn how to harness his abilities, determined to wield the One Power--and ignoring the counsel of Moiraine Damodred at great cost. Since its debut in 1990, The Wheel of Time® by Robert Jordan has captivated millions of readers around the globe with its scope, originality, and compelling characters. The last six books in series were all instant #1 New York Times bestsellers, and The Eye of the World was named one of America\'s best-loved novels by PBS\'s The Great American Read. The Wheel of Time® New Spring: The Novel #1 The Eye of the World #2 The Great Hunt #3 The Dragon Reborn #4 The Shadow Rising #5 The Fires of Heaven #6 Lord of Chaos #7 A Crown of Swords #8 The Path of Daggers #9 Winter\'s Heart #10 Crossroads of Twilight #11 Knife of Dreams By Robert Jordan and Brandon Sanderson #12 The Gathering Storm #13 Towers of Midnight #14 A Memory of Light By Robert Jordan and Teresa Patterson The World of Robert Jordan\'s The Wheel of Time By Robert Jordan, Harriet McDougal, Alan Romanczuk, and Maria Simons The Wheel of Time Companion By Robert Jordan and Amy Romanczuk Patterns of the Wheel: Coloring Art Based on Robert Jordan\'s The Wheel of Time At the Publisher\'s request, this title is being sold without Digital Rights Management Software (DRM) applied.','http://books.google.com/books/content?id=9Dk11nEakTYC&printsec=frontcover&img=1&zoom=1&edge=curl&source=gbs_api','2026-03-23 15:55:17','9Dk11nEakTYC','Book Five of \'The Wheel of Time\'','Tor Books',2010,'Fiction','NOT_MATURE','0.31.26.0.preview.2',1008),(1275,'9780765344939','The Wheel of Time, Boxed Set III, Books 7-9','Robert Jordan','The #1 Internationally Bestselling Series The Wheel of Time The Wheel of Time turns and Ages come and pass. What was, what will be, and what is, may yet fall under the Shadow. Let the Dragon ride again on the winds of time. This boxed set contains: Book Seven: A Crown of Swords Book Eight: The Path of Daggers Book Nine: Winter\'s Heart','http://books.google.com/books/content?id=wZTynQEACAAJ&printsec=frontcover&img=1&zoom=1&source=gbs_api','2026-03-23 15:55:17','wZTynQEACAAJ','A Crown of Swords, The Path of Daggers, Winter\'s Heart','Tor Books',2002,'Fiction','NOT_MATURE','preview-1.0.0',2400),(1276,'0307781887','Hyperion','Dan Simmons','A stunning tour de force filled with transcendent awe and wonder, Hyperion is a masterwork of science fiction that resonates with excitement and invention, the first volume in a remarkable epic by the multiple-award-winning author of The Hollow Man. On the world called Hyperion, beyond the reach of galactic law, waits a creature called the Shrike. There are those who worship it. There are those who fear it. And there are those who have vowed to destroy it. In the Valley of the Time Tombs, where huge, brooding structures move backward through time, the Shrike waits for them all. On the eve of Armageddon, with the entire galaxy at war, seven pilgrims set forth on a final voyage to Hyperion seeking the answers to the unsolved riddles of their lives. Each carries a desperate hope—and a terrible secret. And one may hold the fate of humanity in his hands. Praise for Dan Simmons and Hyperion “Dan Simmons has brilliantly conceptualized a future 700 years distant. In sheer scope and complexity it matches, and perhaps even surpasses, those of Isaac Asimov and James Blish.”—The Washington Post Book World “An unfailingly inventive narrative . . . generously conceived and stylistically sure-handed.”—The New York Times Book Review “Simmons’s own genius transforms space opera into a new kind of poetry.”—The Denver Post “An essential part of any science fiction collection.”—Booklist','http://books.google.com/books/content?id=u4R_FstZDEgC&printsec=frontcover&img=1&zoom=1&edge=curl&source=gbs_api','2026-03-23 15:56:00','u4R_FstZDEgC',NULL,'Spectra',2011,'Fiction','NOT_MATURE','2.19.18.0.preview.2',532),(1277,'0385267479','The Fall of Hyperion','Dan Simmons','“State of the art science fiction . . . a landmark novel.”—Isaac Asimov\'s Science Fiction Magazine Now, in the stunning continuation of the epic adventure begun in Hyperion, Simmons returns us to a far future resplendent with drama and invention. On the world of Hyperion, the mysterious Time Tombs are opening. And the secrets they contain mean that nothing—nothing anywhere in the universe—will ever be the same. Praise for The Fall of Hyperion “One of the finest SF novels published in the past few years.”—Science Fiction Eye “A magnificently original blend of themes and styles.”—The Denver Post','http://books.google.com/books/content?id=F4P4DwAAQBAJ&printsec=frontcover&img=1&zoom=1&edge=curl&source=gbs_api','2026-03-23 15:56:00','F4P4DwAAQBAJ',NULL,'BoD – Books on Demand',1990,'Fiction','NOT_MATURE','0.3.3.0.preview.1',530),(1278,'9780575076266','The Hyperion Omnibus','Dan Simmons','The Hyperion books are credited with single-handedly reinventing and reinvigorating SF in the 1990s. A broad canvased, hugely imaginative and exciting SF epic, the books draw on the works of Keats and provide a uniquely intelligent and literary approach with cutting edge science, compelling characterisation and edge-of-your-seat excitement. The story is continued in ENDYMION and THE RISE OF ENDYMION, which Gollancz will also be publishing in an omnibus volume.','http://books.google.com/books/content?id=b2ReHAAACAAJ&printsec=frontcover&img=1&zoom=1&source=gbs_api','2026-03-23 15:56:00','b2ReHAAACAAJ',NULL,'Orion Publishing Company',2004,'Fiction','NOT_MATURE','preview-1.0.0',779),(1279,'080418058X','The Hyperion Cantos 4-Book Bundle','Dan Simmons','Hailed as “one of the finest achievements of modern science fiction” by The New York Times Book Review, The Hyperion Cantos is a triumphant odyssey into the heart of space and time. Through four riveting novels, Dan Simmons masterfully weaves such influences as classical mythology, romantic poetry, and far-future philosophy into an ambitiously conceived and unfailingly entertaining epic. Now, for the first time, this entire masterpiece of the imagination is available in one extraordinary eBook bundle: HYPERION THE FALL OF HYPERION ENDYMION THE RISE OF ENDYMION On the planet Hyperion, beyond the reach of galactic law, waits a creature called the Shrike. There are those who worship it. There are those who fear it. And there are those who have vowed to destroy it. On the eve of Armageddon, with the known universe at war, seven pilgrims set forth on a final voyage to Hyperion seeking the answers to the unsolved riddles of existence. As the Shrike anticipates their mission, each traveler nurtures a desperate hope—and harbors a terrible secret. And one may hold the fate of humanity in his or her hands. Praise for The Hyperion Cantos “For vastness of scope, clarity of detail and seriousness of purpose, Simmons’s epic narrative is on a par with Isaac Asimov’s Foundation series, Frank Herbert’s Dune books, Gene Wolfe’s multipart Book of the New Sun and Brian Aldiss’s Helliconia trilogy.”—The New York Times Book Review “Dan Simmons has brilliantly conceptualized a future 700 years distant. In sheer scope and complexity it matches, and perhaps even surpasses, those of Isaac Asimov and James Blish.”—The Washington Post Book World “State of the art science fiction . . . This work will be that against which all future works will have to be measured, in the same way, in their time, that Asimov’s Foundation series and Le Guin’s The Left Hand of Darkness set new standards.”—Asimov’s “Simmons’ own genius transforms space opera into a new kind of poetry.”—The Denver Post “A major work . . . Simmons doesn’t just promise; he delivers.”—Science Fiction Chronicle','http://books.google.com/books/content?id=cl_2AwAAQBAJ&printsec=frontcover&img=1&zoom=1&edge=curl&source=gbs_api','2026-03-23 15:56:00','cl_2AwAAQBAJ','Hyperion, The Fall of Hyperion, Endymion, The Rise of Endymion','Spectra',2014,'Fiction','NOT_MATURE','1.21.17.0.preview.2',2950),(1280,'1435705300','Look Smarter Than You Are with Hyperion Essbase','Edward Roske','Essbase is everywhere these days. To survive and be productive in the business world, you need to take control of Essbase. If you don\'t have time (and money in the budget) to go to a class, if you just want to learn at your own pace, or if you want the information not covered in classes, this book will show you the way. Whether you\'re an end user looking to better analyze information or an admin building new applications, you will become a master of Essbase as your fellow workers look at you in sheer, dumbstruck awe. You will learn how to: Use the Excel Add-In and Smart View Add-in to retrieve and analyze data. Create dynamic reports that change as new data is uploaded. Build different types of applications quickly and easily following the proven steps provided in this guide. Use advanced techniques such as tuning and optimization, calc scripts, and MaxL.','http://books.google.com/books/content?id=Bn5wnwsyGokC&printsec=frontcover&img=1&zoom=1&edge=curl&source=gbs_api','2026-03-23 15:56:00','Bn5wnwsyGokC',NULL,'Lulu.com',2008,'Computers','NOT_MATURE','2.4.3.0.preview.1',477);
/*!40000 ALTER TABLE `books` ENABLE KEYS */;
UNLOCK TABLES;

--
-- Table structure for table `club_books`
--

DROP TABLE IF EXISTS `club_books`;
/*!40101 SET @saved_cs_client     = @@character_set_client */;
/*!50503 SET character_set_client = utf8mb4 */;
CREATE TABLE `club_books` (
  `id` int NOT NULL AUTO_INCREMENT,
  `club_id` int DEFAULT NULL,
  `book_id` int DEFAULT NULL,
  `schedule_date` date DEFAULT NULL,
  `status` enum('upcoming','reading','completed') DEFAULT 'upcoming',
  PRIMARY KEY (`id`),
  KEY `club_id` (`club_id`),
  KEY `book_id` (`book_id`),
  CONSTRAINT `club_books_ibfk_1` FOREIGN KEY (`club_id`) REFERENCES `book_clubs` (`club_id`),
  CONSTRAINT `club_books_ibfk_2` FOREIGN KEY (`book_id`) REFERENCES `books` (`book_id`)
) ENGINE=InnoDB AUTO_INCREMENT=2 DEFAULT CHARSET=utf8mb4 COLLATE=utf8mb4_0900_ai_ci;
/*!40101 SET character_set_client = @saved_cs_client */;

--
-- Dumping data for table `club_books`
--

LOCK TABLES `club_books` WRITE;
/*!40000 ALTER TABLE `club_books` DISABLE KEYS */;
/*!40000 ALTER TABLE `club_books` ENABLE KEYS */;
UNLOCK TABLES;

--
-- Table structure for table `club_meetings`
--

DROP TABLE IF EXISTS `club_meetings`;
/*!40101 SET @saved_cs_client     = @@character_set_client */;
/*!50503 SET character_set_client = utf8mb4 */;
CREATE TABLE `club_meetings` (
  `meeting_id` int NOT NULL AUTO_INCREMENT,
  `club_id` int NOT NULL,
  `book_id` int DEFAULT NULL,
  `event_title` varchar(255) NOT NULL,
  `event_date` date NOT NULL,
  `event_time` time NOT NULL,
  `event_format` varchar(255) NOT NULL,
  `notes` text,
  `created_by` int DEFAULT NULL,
  `created_at` timestamp NULL DEFAULT CURRENT_TIMESTAMP,
  PRIMARY KEY (`meeting_id`),
  KEY `club_id` (`club_id`),
  CONSTRAINT `club_meetings_ibfk_1` FOREIGN KEY (`club_id`) REFERENCES `book_clubs` (`club_id`)
) ENGINE=InnoDB AUTO_INCREMENT=9 DEFAULT CHARSET=utf8mb4 COLLATE=utf8mb4_0900_ai_ci;
/*!40101 SET character_set_client = @saved_cs_client */;

--
-- Dumping data for table `club_meetings`
--

LOCK TABLES `club_meetings` WRITE;
/*!40000 ALTER TABLE `club_meetings` DISABLE KEYS */;
INSERT INTO `club_meetings` VALUES (1,43,NULL,'rebecca','2026-03-17','14:00:00','online','rahh pls work im tired',19,'2026-03-14 06:53:26'),(2,42,NULL,'Nat being the queen she is fixed search and schedule','2026-03-14','02:00:00','zoom','yap',18,'2026-03-14 19:33:43'),(3,43,NULL,'jojo','2026-03-17','14:00:00','jojo\'s house','jojooo',19,'2026-03-15 05:05:53'),(4,43,NULL,'jojoooo','2026-03-20','04:30:00','joseph\'s house','O_O',19,'2026-03-15 05:06:47'),(5,32,NULL,'Beginning till part 2','2026-03-20','20:45:00','Online','Bring tissues',10,'2026-03-17 19:43:40'),(6,46,NULL,'Comparing to Show','2026-03-23','10:30:00','Online','Watch episodes 1-3',21,'2026-03-17 23:33:31'),(7,28,NULL,'Title','2026-03-26','11:42:00','Zoom','book lol',5,'2026-03-23 15:38:31'),(8,28,NULL,'Chapter 10','2026-03-31','03:52:00','Zoom','Read!',5,'2026-03-23 15:52:58');
/*!40000 ALTER TABLE `club_meetings` ENABLE KEYS */;
UNLOCK TABLES;

--
-- Table structure for table `club_members`
--

DROP TABLE IF EXISTS `club_members`;
/*!40101 SET @saved_cs_client     = @@character_set_client */;
/*!50503 SET character_set_client = utf8mb4 */;
CREATE TABLE `club_members` (
  `id` int NOT NULL AUTO_INCREMENT,
  `club_id` int DEFAULT NULL,
  `user_id` int DEFAULT NULL,
  `role` enum('admin','member') DEFAULT 'admin',
  `joined_at` timestamp NULL DEFAULT CURRENT_TIMESTAMP,
  PRIMARY KEY (`id`),
  UNIQUE KEY `unique_membership` (`club_id`,`user_id`),
  KEY `user_id` (`user_id`),
  CONSTRAINT `club_members_ibfk_1` FOREIGN KEY (`club_id`) REFERENCES `book_clubs` (`club_id`),
  CONSTRAINT `club_members_ibfk_2` FOREIGN KEY (`user_id`) REFERENCES `users` (`id`)
) ENGINE=InnoDB AUTO_INCREMENT=80 DEFAULT CHARSET=utf8mb4 COLLATE=utf8mb4_0900_ai_ci;
/*!40101 SET character_set_client = @saved_cs_client */;

--
-- Dumping data for table `club_members`
--

LOCK TABLES `club_members` WRITE;
/*!40000 ALTER TABLE `club_members` DISABLE KEYS */;
INSERT INTO `club_members` VALUES (1,1,1,'admin','2026-03-08 20:11:50'),(2,6,NULL,'admin','2026-03-09 01:09:04'),(3,7,NULL,'admin','2026-03-09 01:12:51'),(4,7,NULL,'member','2026-03-09 01:17:51'),(5,8,NULL,'admin','2026-03-09 16:12:55'),(6,9,NULL,'admin','2026-03-09 16:19:44'),(7,9,NULL,'member','2026-03-09 16:20:38'),(8,10,NULL,'admin','2026-03-09 16:39:53'),(9,10,NULL,'member','2026-03-09 16:42:11'),(10,11,NULL,'admin','2026-03-09 16:52:38'),(11,11,NULL,'member','2026-03-09 16:53:02'),(12,12,5,'admin','2026-03-09 17:34:37'),(13,13,5,'admin','2026-03-09 17:38:17'),(15,13,6,'member','2026-03-09 17:42:31'),(16,14,5,'admin','2026-03-10 03:30:05'),(18,14,6,'member','2026-03-10 03:32:49'),(19,15,6,'admin','2026-03-10 04:20:26'),(22,15,5,'member','2026-03-10 04:23:12'),(23,16,6,'admin','2026-03-11 01:56:56'),(24,17,6,'admin','2026-03-11 01:57:56'),(25,18,6,'admin','2026-03-11 01:59:11'),(26,19,6,'admin','2026-03-11 02:50:22'),(27,19,5,'member','2026-03-11 02:52:05'),(30,20,5,'admin','2026-03-11 02:58:11'),(31,20,6,'member','2026-03-11 02:58:41'),(32,20,10,'member','2026-03-11 03:10:52'),(33,21,5,'admin','2026-03-11 03:17:35'),(34,22,5,'admin','2026-03-11 03:30:26'),(35,22,10,'member','2026-03-11 03:30:45'),(36,23,5,'admin','2026-03-11 03:35:06'),(37,24,5,'admin','2026-03-11 03:44:10'),(38,24,10,'member','2026-03-11 03:44:33'),(39,26,5,'admin','2026-03-11 03:52:52'),(40,27,5,'admin','2026-03-11 04:08:01'),(41,27,10,'member','2026-03-11 04:08:27'),(42,28,5,'admin','2026-03-11 04:43:17'),(43,29,5,'admin','2026-03-11 04:44:54'),(44,30,10,'admin','2026-03-11 04:53:13'),(45,30,6,'member','2026-03-11 04:55:39'),(46,31,10,'admin','2026-03-11 04:56:45'),(47,32,10,'admin','2026-03-11 05:05:54'),(48,32,6,'member','2026-03-11 05:06:16'),(49,33,10,'admin','2026-03-11 05:25:48'),(50,33,6,'member','2026-03-11 05:26:13'),(51,34,10,'admin','2026-03-11 05:35:36'),(52,34,6,'member','2026-03-11 05:36:16'),(53,35,10,'admin','2026-03-11 05:44:25'),(54,35,6,'member','2026-03-11 05:44:47'),(55,36,10,'admin','2026-03-11 05:53:52'),(56,36,6,'member','2026-03-11 05:54:27'),(57,37,10,'admin','2026-03-11 06:06:17'),(58,37,6,'member','2026-03-11 06:06:42'),(59,38,11,'admin','2026-03-11 06:14:01'),(60,39,6,'admin','2026-03-11 06:14:47'),(61,39,11,'admin','2026-03-11 06:15:16'),(64,40,10,'admin','2026-03-11 15:59:09'),(66,40,6,'admin','2026-03-11 16:02:08'),(67,41,10,'admin','2026-03-11 16:47:27'),(68,41,6,'admin','2026-03-11 16:47:45'),(70,42,10,'admin','2026-03-11 17:36:31'),(71,43,16,'admin','2026-03-12 01:56:35'),(72,43,17,'admin','2026-03-12 01:56:48'),(73,44,16,'admin','2026-03-12 02:17:03'),(74,44,17,'admin','2026-03-12 02:17:26'),(75,43,19,'admin','2026-03-14 01:14:41'),(76,42,18,'admin','2026-03-14 19:32:08'),(77,45,20,'admin','2026-03-17 23:20:42'),(78,46,21,'admin','2026-03-17 23:31:52'),(79,47,21,'admin','2026-03-17 23:39:33');
/*!40000 ALTER TABLE `club_members` ENABLE KEYS */;
UNLOCK TABLES;

--
-- Table structure for table `discussion_replies`
--

DROP TABLE IF EXISTS `discussion_replies`;
/*!40101 SET @saved_cs_client     = @@character_set_client */;
/*!50503 SET character_set_client = utf8mb4 */;
CREATE TABLE `discussion_replies` (
  `reply_id` int NOT NULL AUTO_INCREMENT,
  `discussion_id` int NOT NULL,
  `club_id` int NOT NULL,
  `user_id` int NOT NULL,
  `message` text NOT NULL,
  `created_at` timestamp NULL DEFAULT CURRENT_TIMESTAMP,
  PRIMARY KEY (`reply_id`),
  KEY `discussion_id` (`discussion_id`),
  KEY `user_id` (`user_id`),
  KEY `disc_reply_clubs_fk` (`club_id`),
  CONSTRAINT `disc_reply_clubs_fk` FOREIGN KEY (`club_id`) REFERENCES `book_clubs` (`club_id`) ON DELETE CASCADE,
  CONSTRAINT `discussion_replies_ibfk_1` FOREIGN KEY (`discussion_id`) REFERENCES `discussions` (`discussion_id`),
  CONSTRAINT `discussion_replies_ibfk_2` FOREIGN KEY (`user_id`) REFERENCES `users` (`id`)
) ENGINE=InnoDB AUTO_INCREMENT=9 DEFAULT CHARSET=utf8mb4 COLLATE=utf8mb4_0900_ai_ci;
/*!40101 SET character_set_client = @saved_cs_client */;

--
-- Dumping data for table `discussion_replies`
--

LOCK TABLES `discussion_replies` WRITE;
/*!40000 ALTER TABLE `discussion_replies` DISABLE KEYS */;
INSERT INTO `discussion_replies` VALUES (2,7,42,18,'ganga','2026-03-17 22:29:42'),(3,7,42,18,'hello nat','2026-03-17 23:08:19'),(4,14,45,20,'i think it would it would be cool to have one as a pet','2026-03-17 23:21:52'),(5,15,46,21,'My favorite is Shane!','2026-03-17 23:34:43'),(6,15,46,21,'Favorite idk','2026-03-17 23:40:19'),(7,16,26,5,'Caraval','2026-03-23 15:40:45'),(8,17,26,5,'Caraval lol','2026-03-23 15:54:40');
/*!40000 ALTER TABLE `discussion_replies` ENABLE KEYS */;
UNLOCK TABLES;

--
-- Table structure for table `discussions`
--

DROP TABLE IF EXISTS `discussions`;
/*!40101 SET @saved_cs_client     = @@character_set_client */;
/*!50503 SET character_set_client = utf8mb4 */;
CREATE TABLE `discussions` (
  `discussion_id` int NOT NULL AUTO_INCREMENT,
  `discussion_name` varchar(100) NOT NULL,
  `club_book_id` int DEFAULT NULL,
  `club_id` int NOT NULL,
  `user_id` int DEFAULT NULL,
  `post_text` text,
  `created_at` timestamp NULL DEFAULT CURRENT_TIMESTAMP,
  PRIMARY KEY (`discussion_id`),
  KEY `club_book_id` (`club_book_id`),
  KEY `user_id` (`user_id`),
  KEY `disc_clubs_fk` (`club_id`),
  CONSTRAINT `disc_clubs_fk` FOREIGN KEY (`club_id`) REFERENCES `book_clubs` (`club_id`) ON DELETE CASCADE,
  CONSTRAINT `discussions_ibfk_1` FOREIGN KEY (`club_book_id`) REFERENCES `club_books` (`id`),
  CONSTRAINT `discussions_ibfk_2` FOREIGN KEY (`user_id`) REFERENCES `users` (`id`)
) ENGINE=InnoDB AUTO_INCREMENT=18 DEFAULT CHARSET=utf8mb4 COLLATE=utf8mb4_0900_ai_ci;
/*!40101 SET character_set_client = @saved_cs_client */;

--
-- Dumping data for table `discussions`
--

LOCK TABLES `discussions` WRITE;
/*!40000 ALTER TABLE `discussions` DISABLE KEYS */;
INSERT INTO `discussions` VALUES (7,'ganga',NULL,42,18,'ganga','2026-03-17 04:13:39'),(8,'ganga',NULL,42,18,'ganga','2026-03-17 04:13:48'),(9,'nat',NULL,42,18,'nat','2026-03-17 04:14:02'),(10,'nat',NULL,42,18,'nat','2026-03-17 04:14:16'),(11,'Who is your favorite game changers couple',NULL,24,10,'I think skip is better idk','2026-03-17 20:01:44'),(13,'who is the better jojo',NULL,33,10,'PLEASEEEEEEEEEEEEEE','2026-03-17 21:35:24'),(14,'dinosaurs?',NULL,45,20,'??','2026-03-17 23:21:15'),(15,'Who is your favorite character?',NULL,46,21,'He is Ilya','2026-03-17 23:34:26'),(16,'Caraval or Carnival',NULL,26,5,'Hmmm','2026-03-23 15:40:22'),(17,'Please please',NULL,24,5,'Idk','2026-03-23 15:54:24');
/*!40000 ALTER TABLE `discussions` ENABLE KEYS */;
UNLOCK TABLES;

--
-- Table structure for table `sessions`
--

DROP TABLE IF EXISTS `sessions`;
/*!40101 SET @saved_cs_client     = @@character_set_client */;
/*!50503 SET character_set_client = utf8mb4 */;
CREATE TABLE `sessions` (
  `id` int NOT NULL AUTO_INCREMENT,
  `user_id` int NOT NULL,
  `session_key` varchar(64) NOT NULL,
  `created_at` timestamp NULL DEFAULT CURRENT_TIMESTAMP,
  `expires_at` timestamp NOT NULL,
  PRIMARY KEY (`id`),
  UNIQUE KEY `session_key` (`session_key`),
  KEY `user_id` (`user_id`),
  CONSTRAINT `sessions_ibfk_1` FOREIGN KEY (`user_id`) REFERENCES `users` (`id`) ON DELETE CASCADE
) ENGINE=InnoDB AUTO_INCREMENT=145 DEFAULT CHARSET=utf8mb4 COLLATE=utf8mb4_0900_ai_ci;
/*!40101 SET character_set_client = @saved_cs_client */;

--
-- Dumping data for table `sessions`
--

LOCK TABLES `sessions` WRITE;
/*!40000 ALTER TABLE `sessions` DISABLE KEYS */;
INSERT INTO `sessions` VALUES (1,1,'473200fd32bf7b821473db919ff077c2','2026-03-07 01:10:42','2026-03-08 01:10:42'),(2,4,'c19db1648a71a17b45be2490f3b98c74','2026-03-08 19:35:13','2026-03-09 19:35:13'),(3,4,'3827c1bff90b4976cac0f810996dbb84','2026-03-09 00:29:02','2026-03-10 00:29:02'),(4,5,'1644aa6ba84712b9972d4324dd96ab7b','2026-03-09 00:29:55','2026-03-10 00:29:55'),(5,5,'71b28e0f3c30ddf230c25f0383b4fa74','2026-03-09 00:30:05','2026-03-10 00:30:05'),(6,5,'e27e1f7363e6285f4a90f9b5113be836','2026-03-09 00:35:39','2026-03-10 00:35:39'),(7,5,'e75e6f15fa0ac811338f3947d400263f','2026-03-09 00:37:22','2026-03-10 00:37:22'),(8,5,'8d4347cde6b45695a71db14438da6b9a','2026-03-09 00:53:06','2026-03-10 00:53:06'),(9,5,'d915667b47d1d0e6cdb15e771df82a66','2026-03-09 01:02:15','2026-03-10 01:02:15'),(10,5,'3874c73ef65acdcbef2fe5e8f2d82bc5','2026-03-09 01:05:18','2026-03-10 01:05:18'),(11,5,'db3b0b892ad3a9b9fc43b6d584b61747','2026-03-09 01:08:29','2026-03-10 01:08:29'),(12,5,'003502267ad1bf24e33b18a27c1bca1b','2026-03-09 01:12:23','2026-03-10 01:12:23'),(13,5,'5869865347eb40223495d53f0873a20f','2026-03-09 01:23:49','2026-03-10 01:23:49'),(14,5,'ba21521b02b97d853b230d4d1b932d78','2026-03-09 01:27:31','2026-03-10 01:27:31'),(15,5,'000ff99bea0f689cd0805817eee8ecdd','2026-03-09 01:29:23','2026-03-10 01:29:23'),(16,5,'0974e60ce0a59ec0fbf3d5ce924caadc','2026-03-09 16:11:28','2026-03-10 16:11:28'),(17,6,'ae3da09150cf77ec3fb1421dc9607259','2026-03-09 17:41:38','2026-03-10 17:41:38'),(18,6,'0bb3c94f8f7e6c0e846761fe1c2db74c','2026-03-09 17:51:53','2026-03-10 17:51:53'),(19,6,'5dbc5c60ea4e58f0d9be9c28fb65fe79','2026-03-09 17:55:22','2026-03-10 17:55:22'),(20,9,'7fd03c0af74b33287b9d83a9ebc966e1','2026-03-10 00:09:05','2026-03-11 00:09:05'),(21,9,'9944dcad64421ac00a1155186ae94abf','2026-03-10 00:14:47','2026-03-11 00:14:47'),(22,9,'4f61c67a4bdc93b8b39f11b04f199172','2026-03-10 00:18:41','2026-03-11 00:18:41'),(23,9,'989828b7017d7b521bcb25a6fc1f5500','2026-03-10 00:22:40','2026-03-11 00:22:40'),(24,9,'5d4eb2a0a9012c88ed9a5091c7c6c397','2026-03-10 00:25:01','2026-03-11 00:25:01'),(25,9,'846cdeab8a00ece6df4a016172b3466e','2026-03-10 00:26:45','2026-03-11 00:26:45'),(26,9,'ce41e236f82d11c4bf4da64aa40e0048','2026-03-10 00:36:18','2026-03-11 00:36:18'),(27,9,'5d84a7a26a9cc2d9420e58247dafae58','2026-03-10 00:38:11','2026-03-11 00:38:11'),(28,9,'f1b78c5a1d3d9f54fe3409058307c18e','2026-03-10 00:43:38','2026-03-11 00:43:38'),(29,9,'ae08d3e30dabea83afff837e0c0ec759','2026-03-10 00:44:57','2026-03-11 00:44:57'),(30,9,'10fd8f443bba1cbefd597192dc3b968a','2026-03-10 00:54:31','2026-03-11 00:54:31'),(31,9,'06db24df06909beb711f6d4ddd9d6040','2026-03-10 01:04:38','2026-03-11 01:04:38'),(32,9,'6d71ff23b30aa6ef45ccb2a752079db9','2026-03-10 01:14:12','2026-03-11 01:14:12'),(33,9,'4e7ad162559f87c426f3e3266539a6ec','2026-03-10 01:17:39','2026-03-11 01:17:39'),(34,5,'70f15a0ec3448475c9e6f3e0f1ecb1c0','2026-03-10 03:26:13','2026-03-11 03:26:13'),(35,5,'00aec36a4bd4680ffa33be57d5c0b716','2026-03-10 03:28:54','2026-03-11 03:28:54'),(36,6,'ca564dde25e976993cfb60bc52a3715d','2026-03-10 03:31:48','2026-03-11 03:31:48'),(37,6,'37249049179150eed9f6866315801ea0','2026-03-10 03:42:10','2026-03-11 03:42:10'),(38,6,'e3ae692cee5e1dc98a454925e5c6de6d','2026-03-10 03:45:13','2026-03-11 03:45:13'),(39,5,'c2f744cd3e78973390ffa5c4511e895d','2026-03-10 04:18:31','2026-03-11 04:18:31'),(40,6,'9293f7ca595a324653e3423deda29448','2026-03-10 04:19:05','2026-03-11 04:19:05'),(41,5,'041718b0b2be71b091393bbb6ce16fa6','2026-03-10 04:22:03','2026-03-11 04:22:03'),(42,6,'696b3fd1cad0ca86847f9a3db5754a04','2026-03-10 05:46:03','2026-03-11 05:46:03'),(43,6,'1d128e11c48ae392bbb2ed12ffab3d91','2026-03-11 00:35:01','2026-03-12 00:35:01'),(44,6,'c434dacc813f62793effcab3a747a987','2026-03-11 01:01:12','2026-03-12 01:01:12'),(45,6,'f79c6df86acb20754523a1bd9906220d','2026-03-11 01:53:36','2026-03-12 01:53:36'),(46,5,'907bff297e7933876227e4e979f4de12','2026-03-11 02:50:57','2026-03-12 02:50:57'),(47,6,'97884d0be70596b4a5f26a76378712c2','2026-03-11 02:55:53','2026-03-12 02:55:53'),(48,10,'caf603f81da05eb507259bb1fef0a028','2026-03-11 03:06:09','2026-03-12 03:06:09'),(49,10,'acee004e82dbb266cab71f61966f2b69','2026-03-11 04:51:46','2026-03-12 04:51:46'),(50,6,'316ee39f7add98717b46eda5c4e6754e','2026-03-11 04:54:30','2026-03-12 04:54:30'),(51,11,'2b0fcef5ca050b8834b48944342386db','2026-03-11 06:12:53','2026-03-12 06:12:53'),(52,6,'f7388ea78651c37637014b023fa1b24f','2026-03-11 06:57:56','2026-03-12 06:57:56'),(53,10,'0aece080954ea2228d10ca9dda7f2dba','2026-03-11 15:55:51','2026-03-12 15:55:51'),(54,10,'e6a0da9ef848e6a3338aa7668fdf7240','2026-03-11 15:55:51','2026-03-12 15:55:51'),(55,10,'1b54913430195c90886b5555fb01e8b7','2026-03-11 15:55:52','2026-03-12 15:55:52'),(56,6,'c54b236837d2ca07c167a75934a6dcfe','2026-03-11 15:56:06','2026-03-12 15:56:06'),(57,10,'15ce0785c57331f9ef4e9d15ffe5d3f5','2026-03-11 15:58:04','2026-03-12 15:58:04'),(58,6,'80a0ea57376024f6162c0bfe6e9e734d','2026-03-11 16:00:53','2026-03-12 16:00:53'),(59,10,'776e9682efd7d23a67423ae0b9084f9e','2026-03-11 16:00:54','2026-03-12 16:00:54'),(60,11,'f9f6955fdd8011ef746fdacfb83a980c','2026-03-11 16:07:12','2026-03-12 16:07:12'),(61,11,'bd9901e8e61f60a60f8c56afa98b09f9','2026-03-11 16:07:15','2026-03-12 16:07:15'),(62,10,'0b5eeb1951497d2a6f501403e9249908','2026-03-11 16:45:09','2026-03-12 16:45:09'),(63,6,'bfa888c17f7f1084bb15d0e686ce08f9','2026-03-11 17:17:42','2026-03-12 17:17:42'),(64,10,'4836572f8b5fed500b1904f48ddd0d17','2026-03-11 17:22:14','2026-03-12 17:22:14'),(65,6,'c24e36ea95315955e6c74eaca493ddc5','2026-03-11 17:37:55','2026-03-12 17:37:55'),(66,6,'aa54c0e24d9e32b96f55fb178193de0a','2026-03-11 17:38:10','2026-03-12 17:38:10'),(67,6,'cbb18086cdbdc9975af4c9bc0e7187f8','2026-03-11 17:38:33','2026-03-12 17:38:33'),(68,12,'d1ae0b2f797d1152d5080af3329d7a70','2026-03-11 17:46:26','2026-03-12 17:46:26'),(69,12,'5327d79debc40727266b249ee2511c0a','2026-03-11 17:50:30','2026-03-12 17:50:30'),(70,15,'9ef86a638292d6537e38bfe1961b0f6a','2026-03-11 17:52:00','2026-03-12 17:52:00'),(71,16,'425f30452ee6493c17bbe35699e14d12','2026-03-12 01:52:00','2026-03-13 01:52:00'),(72,16,'70e6f9ed6b14994305fe3c6fe779a571','2026-03-12 01:53:20','2026-03-13 01:53:20'),(73,17,'6a5191779c5222de3d6c163ac65c8c06','2026-03-12 01:55:10','2026-03-13 01:55:10'),(74,17,'5f798bb240a2233c6b266f5a14db0eeb','2026-03-12 02:05:38','2026-03-13 02:05:38'),(75,16,'4c067175b69c135981651243807080be','2026-03-12 02:14:46','2026-03-13 02:14:46'),(76,18,'10510dc5ffb92df1d20838ff9fe933ae','2026-03-12 23:58:30','2026-03-13 23:58:30'),(77,18,'fbd4634e2e42fc4a27cc3c0fb3541f75','2026-03-13 02:14:57','2026-03-14 02:14:57'),(78,18,'1b3c06c4402db21f9c6189786d30041c','2026-03-13 02:14:58','2026-03-14 02:14:58'),(79,18,'2d0a81bce526af1316cfd11b257f6e12','2026-03-13 02:14:59','2026-03-14 02:14:59'),(80,18,'9c56f55164fcc075a0fb17cfa08dc8ae','2026-03-13 02:15:35','2026-03-14 02:15:35'),(81,18,'8070b7dd9f1df8c0d5a441bf079526e5','2026-03-13 03:57:55','2026-03-14 03:57:55'),(82,18,'38946b7f96e5d9e590e0333681607cc9','2026-03-13 05:09:31','2026-03-14 05:09:31'),(83,19,'c43d23c2cfd28551c4cecbbb5f3008b7','2026-03-13 23:34:17','2026-03-14 23:34:17'),(84,18,'dbaeee79712570c82ead79872e2ad8a7','2026-03-13 23:50:07','2026-03-14 23:50:07'),(85,19,'322331fd10e2644b105a97a3cb183644','2026-03-14 00:14:45','2026-03-15 00:14:45'),(86,19,'7d6051a4a9f81e2bba844bab291a1b6c','2026-03-14 00:54:27','2026-03-15 00:54:27'),(87,19,'4ffb5b93a3c8542848bec4ff374fcc77','2026-03-14 01:07:34','2026-03-15 01:07:34'),(88,18,'15171eccaf5d4a7c993016e91b35bf7b','2026-03-14 03:43:25','2026-03-15 03:43:25'),(89,18,'babb7bf6bd784856d862e49b30b3a129','2026-03-14 03:43:33','2026-03-15 03:43:33'),(90,18,'1f8ee360cacd88e6a0e0b7d6fb17b829','2026-03-14 03:48:36','2026-03-15 03:48:36'),(91,18,'7609b5afd990bedb273a02b63f178eea','2026-03-14 03:48:50','2026-03-15 03:48:50'),(92,19,'abf02354f45830e77dbed11020aa8754','2026-03-14 05:20:29','2026-03-15 05:20:29'),(93,19,'225d4367c7647d8046d8f50f945db27a','2026-03-14 05:30:13','2026-03-15 05:30:13'),(94,18,'8105b65fcb9ad9497913e6f32344126f','2026-03-14 06:05:47','2026-03-15 06:05:47'),(95,19,'89c3b8a080f3c4044b4eadfc92ea9c95','2026-03-14 06:10:37','2026-03-15 06:10:37'),(96,19,'2848b09e1cc33e4a30a95ec6a930adf6','2026-03-14 06:12:18','2026-03-15 06:12:18'),(97,19,'37bd7be7b79b9c12c6470eab59e49292','2026-03-14 06:15:44','2026-03-15 06:15:44'),(98,19,'e82717e7336b6d4c5b9a20092fc3eec5','2026-03-14 06:23:18','2026-03-15 06:23:18'),(99,19,'90fa03c0373849f9c1ddcc1007cb260c','2026-03-14 06:37:20','2026-03-15 06:37:20'),(100,19,'0e6c2799411b97a1702a20754b990ef9','2026-03-14 06:42:28','2026-03-15 06:42:28'),(101,19,'ba506b2da05b62c12d7fc2b02bacaceb','2026-03-14 06:46:43','2026-03-15 06:46:43'),(102,19,'325a2408941891b119e28b981beddf49','2026-03-14 06:52:47','2026-03-15 06:52:47'),(103,18,'d895aad52796452e5fe5db9b3827d44c','2026-03-14 07:18:21','2026-03-15 07:18:21'),(104,19,'8e33c88a8e0ef1d4079feed16d3c39c2','2026-03-14 07:23:08','2026-03-15 07:23:08'),(105,19,'48d3c4a9f2d4fb05dffcb88a5c23db4b','2026-03-14 07:53:19','2026-03-15 07:53:19'),(106,19,'ece080be70302231ca0d18ccf575febf','2026-03-14 07:58:46','2026-03-15 07:58:46'),(107,19,'f8bf6cbf4f345ff78a2481b312615551','2026-03-14 08:11:17','2026-03-15 08:11:17'),(108,19,'ccaf1dc0c05eabd3eb560ea82b3f4310','2026-03-14 18:16:35','2026-03-15 18:16:35'),(109,19,'8a4d0d23d79e6bfc2808917162d6fe45','2026-03-14 18:28:37','2026-03-15 18:28:37'),(110,19,'f24194d72e1c5f5d2a839d70914ae01a','2026-03-14 18:34:07','2026-03-15 18:34:07'),(111,19,'3eed88bd2576b1d1fdde8913f4c6c221','2026-03-14 18:39:07','2026-03-15 18:39:07'),(112,19,'4dc3e3920d64f013b3ccfa1e51da4701','2026-03-14 18:44:23','2026-03-15 18:44:23'),(113,19,'e6a8139d508d43adb5b267a148579a83','2026-03-14 18:47:28','2026-03-15 18:47:28'),(114,19,'2829b17aaf1af1a7d4acc01015346d0b','2026-03-14 18:54:36','2026-03-15 18:54:36'),(115,19,'13c728c0ec64489c30ce0501cd773f6e','2026-03-14 18:56:50','2026-03-15 18:56:50'),(116,19,'5eacdf94a57078924b13bf91827da54d','2026-03-14 18:58:22','2026-03-15 18:58:22'),(117,19,'69d19cb31112e4bafdfe53c651ba4570','2026-03-14 19:06:43','2026-03-15 19:06:43'),(118,19,'c596d397a84dc01db1bf2aadce4b3897','2026-03-14 19:09:08','2026-03-15 19:09:08'),(119,19,'b82d33ff8fb6be1686a14f0c1fcc581b','2026-03-14 19:17:41','2026-03-15 19:17:41'),(120,19,'61daadc06e98016ed8a5785783dec91d','2026-03-14 19:19:45','2026-03-15 19:19:45'),(121,19,'eeac8f3b7ff11d890da7f92691eb0ea8','2026-03-14 19:22:40','2026-03-15 19:22:40'),(122,18,'b3a9936371170429a4fe2478d79faaf3','2026-03-14 19:30:15','2026-03-15 19:30:14'),(123,18,'6ec682a33a2daaad4be251bd76ed31e2','2026-03-15 04:45:10','2026-03-16 04:45:10'),(124,19,'7bf2bf4feb00c26cfb367ab6f24ebaa6','2026-03-15 05:04:54','2026-03-16 05:04:54'),(125,18,'78f0accf7e111aadd3be4ca7ea5824e6','2026-03-15 06:16:55','2026-03-16 06:16:55'),(126,18,'a9ef7793b1e7942e0483cd804de7bc02','2026-03-15 06:17:00','2026-03-16 06:17:00'),(127,19,'f7df907d9f5ecdeb59d025ec6d2e5cd0','2026-03-15 06:40:44','2026-03-16 06:40:44'),(128,18,'86f1d94984ea03a53146e69ffef5a0cd','2026-03-16 01:21:17','2026-03-17 01:21:17'),(129,18,'339f66309ca04155f261596b1284af44','2026-03-17 02:00:54','2026-03-18 02:00:54'),(130,18,'83a442cac1f78d834d532365990bf632','2026-03-17 02:02:39','2026-03-18 02:02:39'),(131,19,'788b9f5978e4e65aa5b0b2e691328f9c','2026-03-17 02:10:12','2026-03-18 02:10:12'),(132,19,'fdc8558655ee33f7943de636cbb50aef','2026-03-17 02:41:38','2026-03-18 02:41:38'),(133,18,'23f9bc72c68ad7935101f79f75742b88','2026-03-17 03:15:05','2026-03-18 03:15:05'),(134,19,'31ba9789e1a157b58151af6c8924e815','2026-03-17 04:23:49','2026-03-18 04:23:49'),(135,19,'87787962961d23fe0b59ea6376003842','2026-03-17 19:39:25','2026-03-18 19:39:25'),(136,10,'68fe2447011c51e3a8ba58f90a89fc31','2026-03-17 19:39:51','2026-03-18 19:39:51'),(137,18,'7aabc38041b30a71ad2a1947ab0761ca','2026-03-17 19:40:25','2026-03-18 19:40:25'),(138,18,'eff4da47abbcbfe84e24a61436fd1b84','2026-03-17 22:28:47','2026-03-18 22:28:47'),(139,19,'14d199ec00482768d2c79de14c662787','2026-03-17 22:49:56','2026-03-18 22:49:56'),(140,20,'5801f800237b329c8d98721a3306e688','2026-03-17 23:18:57','2026-03-18 23:18:57'),(141,21,'527c0b9f02f9dc000b35524bed1328f8','2026-03-17 23:30:58','2026-03-18 23:30:58'),(142,5,'5d5e0c61008ecb891ed1525c069448e9','2026-03-23 15:28:49','2026-03-24 15:28:49'),(143,5,'9d2743f4f17594683d5bccd0dca69dc6','2026-03-23 15:36:40','2026-03-24 15:36:40'),(144,5,'340e1b4cf7a9fd44a7fe80d98d8f95c5','2026-03-23 15:50:34','2026-03-24 15:50:34');
/*!40000 ALTER TABLE `sessions` ENABLE KEYS */;
UNLOCK TABLES;

--
-- Table structure for table `users`
--

DROP TABLE IF EXISTS `users`;
/*!40101 SET @saved_cs_client     = @@character_set_client */;
/*!50503 SET character_set_client = utf8mb4 */;
CREATE TABLE `users` (
  `id` int NOT NULL AUTO_INCREMENT,
  `username` varchar(50) NOT NULL,
  `email` varchar(100) NOT NULL,
  `password_hash` varchar(255) NOT NULL,
  `created_at` timestamp NULL DEFAULT CURRENT_TIMESTAMP,
  PRIMARY KEY (`id`),
  UNIQUE KEY `username` (`username`),
  UNIQUE KEY `email` (`email`)
) ENGINE=InnoDB AUTO_INCREMENT=22 DEFAULT CHARSET=utf8mb4 COLLATE=utf8mb4_0900_ai_ci;
/*!40101 SET character_set_client = @saved_cs_client */;

--
-- Dumping data for table `users`
--

LOCK TABLES `users` WRITE;
/*!40000 ALTER TABLE `users` DISABLE KEYS */;
INSERT INTO `users` VALUES (1,'nat','nat@natcrib.home','$2y$10$hfKhJeQoBOfrFwv6xHdcnOi1NLiiXHMUaTR6jUNGtXPZs3E/7r9/2','2026-03-07 01:10:17'),(2,'taryn_facc','tmf24@njit.edu','$2y$10$YXQ9CJwhcUZQXAQKnlcAQefXd/jnsCWdVm9DXFDq7FRoyP337UT7e','2026-03-08 19:26:07'),(3,'test1234','test@test.com','$2y$10$3y/5BpfuSLUIHjybwps7luGD6ETAJzpgLcqSCrb0spv0BBHQxsGXi','2026-03-08 19:26:47'),(4,'test4321','test1@test.com','$2y$10$yUT94rtePZ9ar9smvHc97us3GXPqCPqIdEKxtllmp1WLqeho6WPCS','2026-03-08 19:34:00'),(5,'test1010','test1010@gmail.com','$2y$10$XqVQStl8knuk7UbP8lB9/uo2oHzar8anO/4f.niVdlWYyPvyXkVou','2026-03-09 00:29:46'),(6,'test1111','test1111@gmail.com','$2y$10$Zy5hTqDE4e0/cKKCgMC5muA6QlkAN4H/ZxGdPHacLyZOqqb6chpQO','2026-03-09 17:41:29'),(9,'nat22','nat22@nat.com','$2y$10$5MwAb.XV8i1jOzCKvk2nPO5BeajTTjODiePAi/RiNj5wfZuRyrMjK','2026-03-10 00:08:49'),(10,'draft_matt','matt@gmail.com','$2y$10$T1GfO4nbVw8tGJqNGUpBg.3OWzeIvFhJWb3WUVKvcuko69GUEiygW','2026-03-11 03:05:52'),(11,'gametime','gametime@emila.com','$2y$10$aldckd6Er0ApiLWkLl00pOGuB7Va0b2qYMRwqw8IyVI5VHK6jXNC2','2026-03-11 06:12:47'),(12,'prof22','pro22@gmail.com','$2y$10$rZVGN0de83os1nBEfWvOH.fktUsSmDn5agNloEY6o3HmLDkMyIyD.','2026-03-11 17:43:55'),(15,'natatwork','natatwork@gmail.com','$2y$10$vd8orywhw9.kwTsvwxA4zuqi0bIk4zaV60PmG9xXFmL8Hwsl8GIX.','2026-03-11 17:51:50'),(16,'natnatnat22','natnatnat22@email.com','$2y$10$3rQ4JO5/NJ1a6v3gEQWH/.9XcoxXJslRvuw87ylS4q0.T8SHcCOUi','2026-03-12 01:51:20'),(17,'matmatmat22','matmatmat22@gmail.com','$2y$10$qct.D21.5b43qbCxNIyf2OVHc/v3ZiTvAed74sJz7OwFZasQ4QYka','2026-03-12 01:55:01'),(18,'test','test@test.test','$2y$10$0f2dzYhJe04BxEsIoUBC0e3EuADbcPpYOh1YeSLvm6M6mLYyYnvFW','2026-03-12 23:58:12'),(19,'faahh','f@h.com','$2y$10$dYz3ZGNo//UKF60tbSC6pOeBEFk.9n3jcg/eIl.YHYSxk/LCSy1L.','2026-03-13 23:34:10'),(20,'urmoms','urmonkeylover@kimchi.com','$2y$10$fE9ds4BSVhPAdFky/xSpxOt8pSUvAWDJ/0ZQcf0d8d/NUXV2Ipz6S','2026-03-17 23:18:43'),(21,'test2020','test2020@gmail.com','$2y$10$Z6x2SlqQeqR4Bb6HaFNo1uUJE5fycGWMKcPEgel23ZwiAVwV5/EIm','2026-03-17 23:30:48');
/*!40000 ALTER TABLE `users` ENABLE KEYS */;
UNLOCK TABLES;
/*!40103 SET TIME_ZONE=@OLD_TIME_ZONE */;

/*!40101 SET SQL_MODE=@OLD_SQL_MODE */;
/*!40014 SET FOREIGN_KEY_CHECKS=@OLD_FOREIGN_KEY_CHECKS */;
/*!40014 SET UNIQUE_CHECKS=@OLD_UNIQUE_CHECKS */;
/*!40101 SET CHARACTER_SET_CLIENT=@OLD_CHARACTER_SET_CLIENT */;
/*!40101 SET CHARACTER_SET_RESULTS=@OLD_CHARACTER_SET_RESULTS */;
/*!40101 SET COLLATION_CONNECTION=@OLD_COLLATION_CONNECTION */;
/*!40111 SET SQL_NOTES=@OLD_SQL_NOTES */;

-- Dump completed on 2026-04-30  5:04:55